Accident_ID,Accident_Severity,Speed_limit,Light_Conditions,Weather_Conditions,Road_Surface_Conditions,Urban_or_Rural_Area,Time,Age_of_Vehicle,Number_of_Vehicles,Number_of_Casualties,Vehicle_Type,Vehicle_Manoeuvre,Sex_of_Driver,Age_Band_of_Driver,Driver_Home_Area_Type,Junction_Control,Carriageway_Hazards,Skidding_and_Overturning,Hit_Object_in_Carriageway,latitude,longitude
ACC00266,2,29.8758256489219,Darkness,Fine,Dry,Rural,Morning,5,1,2,Motorcycle,Turning right,Male,46-55,Urban area,Uncontrolled,Parked vehicle,,Central island,52.5609260144906,-0.228072651174481
ACC00267,3,79.0615445350479,Darkness,Rain,Wet,Urban,Night,13,3,5,Van,Turning right,Male,46-55,Urban area,Not at junction,Pedestrian in carriageway,Overturned,Kerb,52.046226879765,-0.339853872475262
ACC00268,2,56.7359290455688,Daylight,Rain,Dry,Urban,Night,2,2,1,Truck,Slowing or stopping,Male,46-55,Rural area,Give way,Previous accident,,Central island,52.4744873579936,-0.526096283823709
ACC00269,1,-22.5612659869702,Daylight,Fine,Snow,Urban,Afternoon,4,4,1,Van,Turning right,Male,26-35,Urban area,Give way,,,,51.8914634578569,0.23533808865976
ACC00270,2,16.3590605437242,Daylight,Snow,Wet,Urban,Night,25,3,1,Car,Turning right,Female,46-55,Rural area,Not at junction,Previous accident,,Central island,51.8432559129004,0.307094614788025
ACC00271,1,44.533230042382,Street lights,Fine,Dry,Urban,Afternoon,1,1,1,Car,Turning right,Female,36-45,Urban area,Auto traffic signal,,,,52.1768701596804,0.31107417768094
ACC00272,2,21.2440675128914,Darkness,Rain,Snow,Rural,Night,8,2,1,Car,Slowing or stopping,Male,36-45,Urban area,Auto traffic signal,Previous accident,,Central island,51.4361054499387,-0.117749734404803
ACC00273,2,32.4380629163034,Darkness,Snow,Wet,Urban,Night,14,1,4,Car,Turning right,Female,46-55,Rural area,Give way,Previous accident,Skidded,Kerb,51.2169051067886,0.029088864426407
ACC00274,1,-4.08179031682952,Daylight,Fine,Dry,Urban,Afternoon,1,1,5,Car,Turning right,Female,26-35,Urban area,Auto traffic signal,Parked vehicle,Overturned,,51.069476647653,0.246235383005474
ACC00275,3,53.1895847941196,Street lights,Rain,Icy,Urban,Night,42,3,4,Motorcycle,Turning right,Female,46-55,Rural area,Give way,Pedestrian in carriageway,Overturned,Kerb,51.1808234588886,-0.0806019507134077
ACC00276,2,19.4652161823618,Daylight,Fine,Snow,Rural,Night,9,2,2,Truck,Turning right,Female,46-55,Urban area,Give way,Previous accident,Skidded,Central island,52.3149826234116,-0.522516015432714
ACC00277,2,12.816739256177,Daylight,Rain,Wet,Rural,Early Morning,22,1,4,Truck,Turning right,Female,46-55,Urban area,Uncontrolled,Previous accident,Skidded,,52.4219580236414,-0.344658537686583
ACC00278,3,93.4311802094045,Darkness - lights unlit,Rain,Wet,Rural,Night,2,6,1,Truck,Overtaking,Female,65+,Rural area,Not at junction,Previous accident,Overturned,Kerb,51.8655593151146,-0.473396309708611
ACC00279,3,32.2281753844746,Street lights,Rain,Icy,Rural,Night,33,4,2,Motorcycle,Turning right,Male,46-55,Rural area,Uncontrolled,Pedestrian in carriageway,Overturned,Kerb,51.3887987331552,0.169122122170539
ACC00280,1,36.5514687632411,Darkness - lights unlit,Fine,Dry,Urban,Early Morning,1,1,3,Car,Going ahead,Female,36-45,Urban area,Auto traffic signal,,,,52.1348481554858,-0.14445727221818
ACC00281,3,55.1024551252521,Darkness,Snow,Wet,Rural,Early Morning,1,4,2,Bus,Turning right,Male,46-55,Rural area,Uncontrolled,Previous accident,Skidded,Kerb,52.2805100351399,0.463012882793839
ACC00282,1,41.5370639790045,Daylight,Snow,Dry,Urban,Morning,1,1,1,Van,Turning right,Male,36-45,Urban area,Auto traffic signal,Previous accident,,,52.5983914104224,-0.0728999346072958
ACC00283,1,15.3523599303462,Street lights,Fine,Dry,Rural,Morning,1,1,1,Car,Turning right,Female,56-65,Rural area,Give way,,,,52.5987795934,-0.31605322402876
ACC00284,3,54.3587343752067,Darkness - lights unlit,Rain,Icy,Rural,Night,4,4,4,Bus,Turning right,Male,56-65,Rural area,Uncontrolled,Pedestrian in carriageway,Skidded,Other object,52.6405814295637,0.465860337344489
ACC00285,2,13.2573609864103,Daylight,Rain,Dry,Rural,Night,1,3,1,Car,Slowing or stopping,Female,36-45,Urban area,Uncontrolled,,,,52.4324002450372,0.283924361540341
ACC00286,2,-18.1619756329696,Darkness,Fine,Dry,Rural,Evening,22,2,1,Motorcycle,Overtaking,Female,65+,Urban area,Uncontrolled,Previous accident,Overturned,,52.0354388135357,-0.104210215914638
ACC00287,3,80.1817866211509,Darkness - lights unlit,Snow,Dry,Rural,Night,14,6,2,Truck,Overtaking,Male,65+,Urban area,Give way,Parked vehicle,Skidded,Other object,51.6693952661816,0.427553381891459
ACC00288,3,60.6460280207508,Darkness,Snow,Icy,Rural,Early Morning,18,6,4,Truck,Turning right,Female,46-55,Rural area,Not at junction,Pedestrian in carriageway,Overturned,Kerb,52.3922611245061,0.474283211486495
ACC00289,3,74.3816663072645,Darkness,Rain,Wet,Urban,Early Morning,15,6,2,Motorcycle,Slowing or stopping,Female,56-65,Urban area,Uncontrolled,Pedestrian in carriageway,Overturned,Kerb,52.4183452104721,-0.312481081086
ACC00290,1,46.2097249525854,Darkness - lights unlit,Fine,Dry,Urban,Afternoon,5,1,1,Car,Going ahead,Male,36-45,Urban area,Auto traffic signal,Parked vehicle,,,51.1308204427697,0.107170101064578
ACC00291,2,42.1620252625033,Darkness,Rain,Wet,Urban,Afternoon,1,2,1,Car,Turning right,Female,36-45,Rural area,Auto traffic signal,Pedestrian in carriageway,,Central island,51.4029705651618,-0.230439986590983
ACC00292,2,41.1197280948622,Darkness,Fine,Dry,Rural,Evening,1,1,1,Motorcycle,Slowing or stopping,Male,46-55,Rural area,Auto traffic signal,,,Central island,51.8051722843238,-0.373907682234965
ACC00293,1,35.1927233063672,Daylight,Fine,Dry,Urban,Afternoon,1,1,1,Van,Going ahead,Male,26-35,Urban area,Give way,,Skidded,,51.2463212825551,-0.379834731330709
ACC00294,2,19.8702365037672,Darkness,Rain,Icy,Rural,Night,4,1,1,Truck,Overtaking,Male,46-55,Urban area,Auto traffic signal,Previous accident,,Central island,51.0688831932474,0.417061089463884
ACC00295,3,92.2470215484644,Darkness,Rain,Icy,Rural,Night,30,4,1,Bus,Turning right,Female,26-35,Rural area,Uncontrolled,Previous accident,Overturned,Kerb,52.5120547538238,0.100420779516849
ACC00296,2,42.7584531488217,Daylight,Fine,Dry,Urban,Evening,1,7,1,Car,Turning right,Female,36-45,Urban area,Auto traffic signal,,,,52.1610347090215,-0.388347858324147
ACC00297,3,57.6152916524494,Street lights,Fog,Icy,Urban,Night,30,4,2,Motorcycle,Turning right,Female,65+,Rural area,Not at junction,Pedestrian in carriageway,Skidded,Other object,51.9390443140496,-0.161614258900718
ACC00298,1,52.7314215534036,Daylight,Fine,Wet,Urban,Morning,1,1,1,Car,Going ahead,Male,36-45,Urban area,Give way,,Overturned,,52.5914631160733,0.177454938573991
ACC00299,1,76.7222828770062,Street lights,Fine,Dry,Urban,Morning,1,3,3,Van,Slowing or stopping,Male,46-55,Urban area,Auto traffic signal,,Skidded,,51.4647920222822,-0.181314377175762
ACC00300,3,49.5563383712664,Street lights,Fine,Snow,Rural,Night,16,1,4,Bus,Turning right,Male,56-65,Rural area,Not at junction,Pedestrian in carriageway,Skidded,Other object,51.2288670097386,-0.174305709210564
ACC00301,2,25.63285689237,Darkness,Rain,Wet,Rural,Evening,25,6,6,Car,Slowing or stopping,Female,65+,Rural area,Not at junction,Parked vehicle,,Central island,51.5424620777841,0.0732517876235312
ACC00302,2,25.0999398968383,Daylight,Fog,Wet,Urban,Evening,1,1,6,Car,Turning right,Male,36-45,Urban area,Give way,,,Central island,51.0565854337479,-0.576032155261519
ACC00303,3,55.0354131847116,Darkness,Snow,Icy,Rural,Night,17,2,4,Bus,Overtaking,Male,65+,Rural area,Not at junction,Pedestrian in carriageway,Overturned,Kerb,51.3521926865936,-0.284125655023072
ACC00304,3,83.9992613264689,Darkness,Rain,Dry,Urban,Night,28,5,2,Bus,Overtaking,Male,46-55,Rural area,Uncontrolled,Previous accident,Overturned,Other object,52.473421837866,-0.144021023073436
ACC00305,1,33.9488395246772,Daylight,Fine,Dry,Urban,Afternoon,13,1,1,Motorcycle,Going ahead,Male,26-35,Urban area,Auto traffic signal,,,,52.3406152590817,0.237089836030903
ACC00306,1,17.6109556281346,Daylight,Fine,Dry,Urban,Afternoon,1,5,5,Van,Turning right,Male,26-35,Urban area,Auto traffic signal,Previous accident,,,52.5924409808525,-0.424500851875493
ACC00307,2,64.9892107938165,Daylight,Snow,Wet,Urban,Evening,4,1,1,Truck,Turning right,Male,46-55,Urban area,Auto traffic signal,,,,52.058809702834,0.000758917509715
ACC00308,3,96.9533820423711,Darkness,Fog,Icy,Rural,Early Morning,1,5,1,Truck,Overtaking,Male,65+,Rural area,Not at junction,Parked vehicle,Skidded,Kerb,52.1093703292937,-0.214012116584422
ACC00309,3,54.0194055192224,Darkness,Rain,Icy,Urban,Night,22,3,1,Motorcycle,Overtaking,Female,65+,Rural area,Not at junction,Previous accident,Skidded,Other object,52.3978814758617,0.135142864884357
ACC00310,3,66.5053040835235,Street lights,Fog,Icy,Rural,Night,14,6,3,Van,Overtaking,Male,46-55,Urban area,Not at junction,Previous accident,Overturned,Other object,51.6375817342239,-0.0988522735329533
ACC00311,1,-3.89343358765548,Daylight,Fine,Dry,Urban,Night,12,1,1,Bus,Going ahead,Male,26-35,Urban area,Auto traffic signal,Previous accident,,,52.200611786166,-0.170003404503934
ACC00312,3,62.637846698786,Darkness,Fine,Wet,Rural,Night,1,1,4,Truck,Turning right,Male,56-65,Rural area,Not at junction,Previous accident,Overturned,Kerb,51.0310683750552,-0.402888114859102
ACC00313,2,36.1932611993116,Darkness,Rain,Dry,Rural,Night,3,1,1,Motorcycle,Slowing or stopping,Male,46-55,Rural area,Auto traffic signal,Parked vehicle,,Other object,51.6820652071093,0.0186938353985607
ACC00314,2,47.172836457681,Darkness,Rain,Dry,Rural,Early Morning,23,2,2,Car,Slowing or stopping,Male,46-55,Rural area,Give way,Parked vehicle,,,51.2549609410576,0.367678780644459
ACC00315,1,22.2517451981412,Darkness - lights unlit,Fine,Dry,Urban,Evening,15,2,3,Motorcycle,Turning right,Female,56-65,Urban area,Give way,Parked vehicle,,,52.6507990167811,0.0975563521253106
ACC00316,1,24.4390273492554,Street lights,Fine,Wet,Urban,Afternoon,20,1,1,Car,Turning right,Female,26-35,Urban area,Give way,,Overturned,Other object,52.3199020332614,-0.400735715511852
ACC00317,1,55.2003547884274,Daylight,Fine,Dry,Urban,Afternoon,15,1,3,Van,Turning right,Male,26-35,Urban area,Give way,,Skidded,,51.3091024442521,0.368957835118821
ACC00318,1,11.7868659452307,Daylight,Snow,Dry,Urban,Morning,1,1,1,Motorcycle,Going ahead,Female,36-45,Urban area,Auto traffic signal,Parked vehicle,,,51.1382929270912,0.0539239687047904
ACC00319,1,15.4107843055415,Daylight,Fine,Snow,Rural,Morning,19,1,1,Van,Overtaking,Male,26-35,Urban area,Auto traffic signal,,,,51.3850428178365,-0.0209570729702753
ACC00320,1,19.223943234903,Daylight,Fine,Dry,Urban,Afternoon,7,2,1,Motorcycle,Turning right,Female,36-45,Urban area,Give way,Pedestrian in carriageway,,,52.5024360044378,-0.0264097420520514
ACC00321,3,78.458104180388,Darkness,Rain,Wet,Urban,Night,27,2,3,Car,Overtaking,Female,65+,Rural area,Uncontrolled,Previous accident,Skidded,Other object,52.1325342327623,0.266710195356265
ACC00322,2,51.0895251963398,Street lights,Fine,Dry,Urban,Evening,9,2,2,Motorcycle,Turning right,Female,36-45,Rural area,Give way,Previous accident,,Kerb,51.8950765480868,0.0418825037525046
ACC00323,3,59.6453558242225,Darkness - lights unlit,Fog,Icy,Rural,Early Morning,6,3,1,Van,Overtaking,Female,46-55,Rural area,Uncontrolled,Pedestrian in carriageway,Skidded,Kerb,51.6867235739281,0.0922856501302998
ACC00324,2,85.4632019917437,Daylight,Rain,Dry,Urban,Evening,8,1,4,Car,Turning right,Female,46-55,Rural area,Auto traffic signal,,,Kerb,52.15766247966,0.073201031312555
ACC00325,3,58.5052506828731,Darkness - lights unlit,Fog,Icy,Urban,Early Morning,12,3,2,Truck,Overtaking,Female,46-55,Urban area,Not at junction,Pedestrian in carriageway,Overturned,Other object,51.0073887164729,-0.314750107139131
ACC00326,2,-4.2469367986758,Street lights,Fine,Wet,Urban,Night,10,3,3,Bus,Slowing or stopping,Female,46-55,Urban area,Give way,,,,52.6175490466865,0.201941386202207
ACC00327,1,31.8876474154778,Daylight,Fine,Dry,Urban,Morning,15,1,1,Motorcycle,Turning right,Female,36-45,Urban area,Auto traffic signal,,,Kerb,52.4903111245192,-0.451317081929695
ACC00328,1,17.2534474570326,Daylight,Mist,Dry,Rural,Afternoon,1,1,3,Van,Going ahead,Female,36-45,Urban area,Give way,Parked vehicle,,Kerb,51.0431568046226,0.389816680256
ACC00329,2,38.5190465162827,Darkness,Rain,Wet,Urban,Evening,1,1,1,Car,Slowing or stopping,Female,36-45,Urban area,Auto traffic signal,Parked vehicle,,,52.1388747816743,-0.0312468098408533
ACC00330,2,67.7763163135523,Darkness,Snow,Wet,Urban,Night,1,1,1,Truck,Slowing or stopping,Male,46-55,Urban area,Auto traffic signal,Previous accident,,Central island,52.6996687450275,0.497992211681712
ACC00331,2,34.7795157253311,Daylight,Fine,Wet,Rural,Night,12,2,1,Motorcycle,Slowing or stopping,Male,36-45,Rural area,Auto traffic signal,Previous accident,Overturned,Central island,52.1455245339839,-0.191984232380028
ACC00332,3,54.1964892120419,Darkness - lights unlit,Rain,Icy,Urban,Early Morning,6,3,4,Bus,Overtaking,Male,56-65,Rural area,Uncontrolled,Previous accident,Skidded,Other object,51.4548642396477,-0.252666958258651
ACC00333,1,-5.07049097540045,Darkness - lights unlit,Mist,Dry,Urban,Morning,2,1,1,Car,Going ahead,Female,26-35,Rural area,Give way,,,,52.0509707076376,-0.494713988927822
ACC00334,1,9.41115112625808,Daylight,Fine,Dry,Urban,Morning,2,2,5,Motorcycle,Going ahead,Male,36-45,Urban area,Not at junction,Pedestrian in carriageway,,,51.4602659443441,-0.0143372494972611
ACC00335,1,24.8995380329007,Daylight,Fog,Dry,Urban,Morning,1,4,1,Motorcycle,Going ahead,Female,36-45,Urban area,Give way,,Overturned,Central island,51.6064806553791,0.151624914267156
ACC00336,1,28.2422803314618,Daylight,Fine,Icy,Urban,Morning,1,1,3,Car,Turning right,Female,26-35,Urban area,Give way,,,,52.184926759692,0.355098408564585
ACC00337,3,26.6125011549133,Darkness - lights unlit,Snow,Icy,Rural,Early Morning,14,5,6,Motorcycle,Turning right,Female,26-35,Urban area,Not at junction,Previous accident,Skidded,Central island,51.5154653186108,-0.151416685593712
ACC00338,2,43.0298229864198,Darkness,Rain,Dry,Urban,Night,12,1,3,Bus,Going ahead,Female,36-45,Rural area,Auto traffic signal,Previous accident,,Central island,52.1635633823874,0.23441075131347
ACC00339,1,33.8495847030072,Daylight,Fine,Wet,Urban,Morning,3,3,1,Motorcycle,Turning right,Male,26-35,Urban area,Uncontrolled,,,,52.2947533460588,-0.565255240691794
ACC00340,2,44.0001261974404,Darkness,Fine,Wet,Urban,Evening,6,1,5,Motorcycle,Turning right,Male,46-55,Urban area,Auto traffic signal,Parked vehicle,,Central island,51.2201952368306,-0.0086129391779098
ACC00341,3,41.4891530323353,Darkness,Snow,Wet,Rural,Early Morning,17,1,1,Van,Overtaking,Female,65+,Rural area,Uncontrolled,Parked vehicle,Skidded,Other object,51.0362999525327,-0.0308432140414491
ACC00342,3,69.5871757320758,Darkness,Rain,Wet,Rural,Evening,3,4,5,Truck,Overtaking,Male,56-65,Urban area,Uncontrolled,Pedestrian in carriageway,Overturned,Kerb,51.8637592181627,-0.488396881441516
ACC00343,1,24.7929114977932,Daylight,Fine,Dry,Urban,Afternoon,1,4,1,Van,Turning right,Female,26-35,Urban area,Auto traffic signal,,,,51.2881376693664,-0.326414300153607
ACC00344,3,71.8918568323618,Daylight,Rain,Icy,Rural,Night,41,1,6,Truck,Overtaking,Male,56-65,Rural area,Give way,Previous accident,Skidded,Other object,51.2656827294664,0.121159746148621
ACC00345,1,52.3385502137365,Daylight,Fine,Dry,Rural,Afternoon,11,2,1,Motorcycle,Turning right,Female,36-45,Urban area,Auto traffic signal,,Skidded,,51.9207781649235,0.232426656257499
ACC00346,1,-8.25620359884375,Daylight,Fine,Wet,Urban,Morning,12,1,3,Van,Turning right,Female,56-65,Urban area,Give way,,,Central island,51.9655068919395,0.116262343369842
ACC00347,1,64.4428645171238,Darkness,Mist,Icy,Urban,Morning,7,4,1,Van,Going ahead,Male,26-35,Urban area,Auto traffic signal,,,,52.3890225206138,0.252097158701567
ACC00348,1,5.83051009496757,Street lights,Fine,Dry,Urban,Afternoon,15,2,1,Van,Overtaking,Male,36-45,Urban area,Give way,Parked vehicle,,,51.3874897763213,-0.072067281811164
ACC00349,2,7.37672021842276,Daylight,Rain,Wet,Urban,Evening,14,1,1,Car,Slowing or stopping,Male,46-55,Urban area,Uncontrolled,,Skidded,,51.854303863237,0.363527317989857
ACC00350,1,-38.6746898594904,Daylight,Fine,Dry,Urban,Afternoon,1,1,1,Motorcycle,Going ahead,Female,26-35,Urban area,Auto traffic signal,,,,51.8811604090184,0.328587493866117
ACC00351,2,63.9706224215507,Darkness,Rain,Dry,Rural,Night,1,4,1,Motorcycle,Slowing or stopping,Male,46-55,Urban area,Uncontrolled,Pedestrian in carriageway,,Central island,51.4910469096638,0.268321256757492
ACC00352,2,58.9769006236232,Darkness,Fine,Wet,Rural,Evening,10,3,2,Bus,Slowing or stopping,Male,36-45,Rural area,Not at junction,Parked vehicle,Overturned,Central island,52.1399860864058,0.191216580167508
ACC00353,1,27.3507718514908,Daylight,Fine,Dry,Urban,Night,6,3,1,Van,Going ahead,Male,26-35,Rural area,Uncontrolled,Parked vehicle,,,51.7659250300272,0.473171220945907
ACC00354,1,4.64027124800442,Daylight,Fine,Dry,Urban,Afternoon,7,5,1,Motorcycle,Turning right,Female,26-35,Urban area,Uncontrolled,,,,51.309277821842,-0.563025039798389
ACC00355,3,87.4907601886701,Darkness - lights unlit,Rain,Wet,Rural,Evening,2,1,2,Motorcycle,Turning right,Female,56-65,Rural area,Uncontrolled,Previous accident,Overturned,Other object,51.9053010664091,0.0495679276755264
ACC00356,3,44.0424402655706,Darkness,Rain,Icy,Rural,Night,10,5,2,Motorcycle,Turning right,Male,46-55,Rural area,Not at junction,Previous accident,Overturned,Kerb,51.0001147459992,-0.12839873737239
ACC00357,2,52.3798065850765,Daylight,Rain,Wet,Urban,Evening,11,4,1,Motorcycle,Turning right,Female,36-45,Urban area,Auto traffic signal,Previous accident,,Central island,52.4719305082139,-0.187881599181413
ACC00358,2,31.51031369384,Darkness,Rain,Dry,Rural,Night,10,3,3,Car,Turning right,Male,46-55,Rural area,Auto traffic signal,Parked vehicle,,Central island,52.3073395059305,0.221009942271589
ACC00359,3,61.2184587694061,Street lights,Fog,Icy,Rural,Night,20,4,1,Bus,Turning right,Female,65+,Rural area,Uncontrolled,Pedestrian in carriageway,Overturned,Other object,51.0548947291152,-0.16007605062914
ACC00360,1,26.3849022602504,Daylight,Fine,Dry,Rural,Afternoon,1,1,1,Bus,Turning right,Male,36-45,Urban area,Give way,Parked vehicle,,,52.5082616623798,-0.347049933519805
ACC00361,3,76.5329019877312,Darkness,Rain,Snow,Rural,Night,14,2,1,Bus,Turning right,Male,46-55,Rural area,Uncontrolled,Pedestrian in carriageway,Overturned,Other object,51.7357699867358,0.330810514243284
ACC00362,1,22.1350793143221,Street lights,Rain,Wet,Urban,Morning,1,1,1,Motorcycle,Going ahead,Female,36-45,Urban area,Give way,,,,51.0668306377299,-0.334678396640504
ACC00363,3,99.4035344596903,Darkness,Fog,Wet,Rural,Early Morning,9,1,4,Car,Slowing or stopping,Female,56-65,Urban area,Uncontrolled,Previous accident,Skidded,Kerb,51.5679946701552,-0.517574705559918
ACC00364,1,54.2865366935419,Street lights,Fine,Wet,Urban,Morning,6,1,1,Car,Going ahead,Male,26-35,Urban area,Auto traffic signal,,Skidded,,51.911363822785,-0.501963124672382
ACC00365,1,55.8464450320297,Daylight,Fine,Wet,Urban,Morning,1,1,1,Car,Turning right,Male,36-45,Urban area,Give way,Pedestrian in carriageway,,,51.8892663350893,0.0185264974657008
ACC00366,1,36.4786437638507,Daylight,Mist,Dry,Urban,Afternoon,7,1,1,Motorcycle,Going ahead,Female,36-45,Urban area,Auto traffic signal,,,,52.0508180087784,-0.0642318892991704
ACC00367,2,42.1216099231256,Daylight,Rain,Wet,Urban,Evening,23,1,2,Truck,Overtaking,Female,46-55,Urban area,Uncontrolled,Previous accident,,Central island,51.3975422274453,0.117216076873044
ACC00368,2,57.5656162749316,Daylight,Rain,Wet,Urban,Evening,1,1,1,Motorcycle,Overtaking,Male,46-55,Urban area,Uncontrolled,Parked vehicle,,,52.0341253477761,-0.550750390230095
ACC00369,3,56.9657325421438,Darkness - lights unlit,Fog,Icy,Rural,Early Morning,34,4,4,Motorcycle,Turning right,Male,56-65,Rural area,Not at junction,Pedestrian in carriageway,Skidded,Other object,52.5243018778736,-0.113757471856203
ACC00370,1,11.4048917509509,Daylight,Fine,Icy,Urban,Early Morning,1,1,1,Bus,Going ahead,Male,36-45,Urban area,Auto traffic signal,Previous accident,Overturned,,52.3726482637789,-0.0992578360100185
ACC00371,3,60.4169920050478,Street lights,Rain,Icy,Rural,Early Morning,19,3,1,Bus,Turning right,Male,46-55,Rural area,Not at junction,Pedestrian in carriageway,Overturned,Central island,52.2758334139008,-0.204039549072478
ACC00372,2,29.6141888484269,Darkness,Rain,Dry,Rural,Night,1,1,1,Car,Slowing or stopping,Female,36-45,Urban area,Auto traffic signal,Parked vehicle,,Central island,51.2509315925679,-0.537613347889552
ACC00373,1,14.2719204929958,Daylight,Fine,Dry,Urban,Afternoon,27,1,1,Car,Overtaking,Male,26-35,Rural area,Auto traffic signal,,,,52.3761773270323,0.0508668785369581
ACC00374,3,41.3004009995264,Darkness,Rain,Icy,Urban,Night,4,4,1,Truck,Turning right,Female,56-65,Urban area,Uncontrolled,Pedestrian in carriageway,Overturned,Other object,51.784185479636,-0.167597026915034
ACC00375,3,77.0852226804723,Darkness,Rain,Dry,Rural,Night,17,2,1,Truck,Overtaking,Male,46-55,Rural area,Not at junction,Pedestrian in carriageway,Overturned,Central island,52.3501059402937,-0.373903908855796
ACC00376,2,32.2522625050049,Daylight,Rain,Wet,Urban,Evening,6,3,2,Motorcycle,Turning right,Male,36-45,Rural area,Auto traffic signal,Previous accident,Skidded,,52.1549099428668,0.0016283376930319
ACC00377,3,63.1271104663383,Darkness - lights unlit,Snow,Wet,Rural,Night,14,3,5,Bus,Turning right,Female,56-65,Rural area,Uncontrolled,Pedestrian in carriageway,Overturned,Kerb,52.4018108906366,-0.143401327109336
ACC00378,3,69.8594916087443,Darkness,Rain,Icy,Rural,Night,19,1,6,Motorcycle,Overtaking,Male,65+,Rural area,Uncontrolled,Pedestrian in carriageway,Overturned,Other object,51.3008322856517,0.373770317311619
ACC00379,3,73.5080554381647,Darkness - lights unlit,Mist,Wet,Rural,Early Morning,11,3,2,Truck,Overtaking,Female,65+,Rural area,Uncontrolled,Pedestrian in carriageway,Overturned,Kerb,51.6195988273008,0.314015437892433
ACC00380,1,29.1249174446427,Daylight,Rain,Dry,Urban,Morning,1,1,1,Motorcycle,Turning right,Male,36-45,Rural area,Auto traffic signal,,,Kerb,51.8692820780636,-0.465679094588971
ACC00381,1,14.8942812068527,Daylight,Fine,Dry,Urban,Morning,5,1,1,Motorcycle,Going ahead,Male,26-35,Rural area,Auto traffic signal,,,,51.130865846709,-0.470960992141366
ACC00382,1,31.7007481953419,Daylight,Fog,Dry,Urban,Afternoon,3,4,1,Car,Going ahead,Female,36-45,Urban area,Auto traffic signal,,,Other object,52.6791280625513,-0.290326681743577
ACC00383,1,37.7851108317083,Daylight,Mist,Icy,Urban,Afternoon,10,1,1,Car,Going ahead,Male,36-45,Urban area,Auto traffic signal,Parked vehicle,,Kerb,51.79672309139,-0.388945942809383
ACC00384,1,-2.19598823713883,Daylight,Fine,Snow,Urban,Evening,11,1,5,Car,Going ahead,Female,36-45,Urban area,Uncontrolled,,Skidded,,52.2107046762908,-0.136106980439199
ACC00385,3,43.9145536654425,Darkness,Snow,Icy,Rural,Evening,19,3,2,Truck,Going ahead,Male,56-65,Rural area,Uncontrolled,Previous accident,Skidded,Kerb,51.1820255445161,0.285175971028949
ACC00386,2,60.6100487554891,Daylight,Rain,Dry,Urban,Evening,15,3,2,Bus,Turning right,Female,56-65,Urban area,Not at junction,Previous accident,,Central island,51.9148438311385,-0.556954520067755
ACC00387,3,65.9873792206036,Darkness - lights unlit,Snow,Wet,Rural,Night,17,1,2,Motorcycle,Turning right,Female,65+,Rural area,Not at junction,Previous accident,Overturned,Kerb,51.3439488588091,-0.0283795486192902
ACC00388,1,0.679300708440911,Darkness - lights unlit,Fine,Dry,Urban,Morning,1,1,1,Motorcycle,Overtaking,Female,26-35,Urban area,Give way,,,,51.3594616118941,0.38462951477719
ACC00389,1,27.6033639363307,Daylight,Mist,Wet,Urban,Afternoon,1,1,3,Van,Turning right,Male,26-35,Urban area,Give way,Pedestrian in carriageway,,,51.7110131616941,-0.503592978559778
ACC00390,1,-1.26212446996978,Daylight,Fine,Dry,Urban,Afternoon,8,1,3,Van,Turning right,Male,36-45,Urban area,Auto traffic signal,,,,51.3328449291418,0.189935383849144
ACC00391,2,52.7050290076574,Daylight,Rain,Wet,Rural,Night,22,7,4,Truck,Slowing or stopping,Male,36-45,Urban area,Auto traffic signal,Pedestrian in carriageway,,Central island,52.511109497416,-0.0002900880006737
ACC00392,3,63.2771127716781,Darkness,Rain,Icy,Rural,Early Morning,5,6,1,Motorcycle,Turning right,Female,46-55,Rural area,Give way,Previous accident,Overturned,Other object,51.7037842694274,-0.130685857371841
ACC00393,3,111.901012141326,Darkness,Rain,Wet,Rural,Early Morning,12,2,1,Bus,Overtaking,Female,65+,Rural area,Uncontrolled,Parked vehicle,Overturned,Kerb,51.5103949939425,-0.0999635683937998
ACC00394,2,51.7430753366553,Daylight,Fine,Wet,Rural,Evening,19,1,7,Truck,Slowing or stopping,Female,65+,Urban area,Auto traffic signal,Parked vehicle,Skidded,,51.8407966270445,0.377982408421392
ACC00395,2,10.9369035955221,Darkness,Fine,Snow,Urban,Morning,23,5,2,Car,Slowing or stopping,Female,46-55,Rural area,Give way,Previous accident,Skidded,,51.7793949372477,0.294242472139084
ACC00396,1,0.6616650077247,Daylight,Fine,Dry,Urban,Morning,1,2,1,Car,Turning right,Female,36-45,Urban area,Auto traffic signal,,,,52.6478143105525,-0.533843423139136
ACC00397,2,52.7546488989818,Darkness,Rain,Dry,Rural,Evening,33,1,4,Motorcycle,Slowing or stopping,Female,36-45,Rural area,Give way,Previous accident,,Central island,51.3963504161507,-0.552458069019547