Accident_ID,Accident_Severity,Speed_limit,Light_Conditions,Weather_Conditions,Road_Surface_Conditions,Urban_or_Rural_Area,Time,Age_of_Vehicle,Number_of_Vehicles,Number_of_Casualties,Vehicle_Type,Vehicle_Manoeuvre,Sex_of_Driver,Age_Band_of_Driver,Driver_Home_Area_Type,Junction_Control,Carriageway_Hazards,Skidding_and_Overturning,Hit_Object_in_Carriageway,latitude,longitude
ACC00796,2,28.3405418869677,Daylight,Fine,Dry,Rural,Early Morning,20,1,2,Truck,Turning right,Female,36-45,Urban area,Give way,,,,51.7068411326813,0.373492974734529
ACC00797,2,43.190338560876,Daylight,Rain,Wet,Rural,Night,3,1,1,Car,Overtaking,Female,36-45,Rural area,Auto traffic signal,Previous accident,,Other object,51.779532911515,-0.41657987451147
ACC00798,3,82.6762678019416,Darkness,Rain,Wet,Rural,Early Morning,3,3,5,Truck,Turning right,Male,46-55,Rural area,Not at junction,Previous accident,Skidded,Other object,52.6400680153187,-0.185503652600345
ACC00799,2,59.7363492594042,Daylight,Rain,Dry,Rural,Night,1,3,1,Car,Slowing or stopping,Female,36-45,Urban area,Auto traffic signal,Previous accident,,,51.7965298146455,-0.267589870379143
ACC00800,3,92.696478119875,Darkness,Snow,Icy,Rural,Early Morning,29,2,3,Truck,Overtaking,Female,65+,Rural area,Uncontrolled,Pedestrian in carriageway,Skidded,Central island,52.1852503595727,-0.551858409515986
ACC00801,2,35.061083181478,Daylight,Rain,Wet,Urban,Night,31,5,4,Motorcycle,Turning right,Male,46-55,Urban area,Uncontrolled,Parked vehicle,,,51.7399952635421,-0.40517177445379
ACC00802,1,-9.01381106203701,Daylight,Mist,Dry,Urban,Evening,15,4,1,Car,Turning right,Male,36-45,Rural area,Give way,,,,51.9212316105432,-0.0817153111739038
ACC00803,2,37.4275436687409,Darkness - lights unlit,Rain,Wet,Urban,Night,4,2,2,Truck,Turning right,Female,46-55,Urban area,Auto traffic signal,Parked vehicle,,,51.7192928326928,-0.560983456124167
ACC00804,1,33.3696914333052,Daylight,Fine,Wet,Urban,Afternoon,3,1,3,Motorcycle,Going ahead,Female,26-35,Urban area,Auto traffic signal,,Overturned,,51.2168865147525,-0.521617599458216
ACC00805,2,35.1393874797648,Darkness,Rain,Wet,Urban,Evening,13,1,1,Motorcycle,Turning right,Female,36-45,Rural area,Uncontrolled,Previous accident,Skidded,Central island,51.5187691619134,-0.127329112252524
ACC00806,1,-2.50220525382598,Daylight,Fine,Dry,Urban,Afternoon,7,1,3,Car,Turning right,Female,36-45,Urban area,Give way,,,,52.093589971352,-0.181784819335557
ACC00807,1,15.6927044393696,Daylight,Fine,Dry,Urban,Morning,1,1,1,Bus,Going ahead,Male,26-35,Urban area,Uncontrolled,,,,51.5494449844353,-0.443254902808335
ACC00808,3,120.131603614934,Darkness - lights unlit,Rain,Wet,Rural,Morning,24,2,7,Motorcycle,Turning right,Male,56-65,Urban area,Auto traffic signal,Pedestrian in carriageway,Overturned,Kerb,51.790747386762,0.0655018871438578
ACC00809,3,55.6140734695911,Darkness - lights unlit,Rain,Icy,Rural,Morning,31,4,4,Bus,Overtaking,Female,46-55,Rural area,Not at junction,Previous accident,Overturned,Kerb,51.247005501249,0.0988524297541563
ACC00810,2,86.0026608080557,Daylight,Snow,Wet,Urban,Night,22,3,1,Truck,Turning right,Male,36-45,Urban area,Auto traffic signal,Previous accident,,,52.016067950904,0.37507966089093
ACC00811,3,55.3053509655395,Darkness,Fog,Icy,Rural,Early Morning,21,2,2,Bus,Turning right,Male,65+,Rural area,Uncontrolled,Pedestrian in carriageway,Overturned,Other object,52.0112088005496,-0.0390089894240888
ACC00812,1,55.8524578659891,Street lights,Mist,Dry,Urban,Afternoon,14,1,1,Car,Going ahead,Female,36-45,Urban area,Auto traffic signal,,,,52.6340239585007,0.241371587696341
ACC00813,2,47.1362487994789,Darkness - lights unlit,Rain,Wet,Urban,Night,1,1,1,Motorcycle,Slowing or stopping,Male,65+,Urban area,Auto traffic signal,Previous accident,Skidded,Central island,51.1819181434275,-0.208586583465573
ACC00814,2,50.1462555828473,Daylight,Fine,Dry,Urban,Night,6,3,1,Motorcycle,Turning right,Female,36-45,Rural area,Uncontrolled,,,Central island,52.3950635082142,0.0419734377551547
ACC00815,1,45.5679974236087,Daylight,Fine,Snow,Rural,Afternoon,1,3,1,Motorcycle,Going ahead,Male,46-55,Urban area,Auto traffic signal,,,,51.078965701624,0.0949948797183353
ACC00816,3,61.9511833431314,Darkness,Rain,Wet,Rural,Afternoon,29,4,4,Truck,Overtaking,Male,46-55,Rural area,Not at junction,Parked vehicle,Overturned,Other object,52.568498610351,0.414556231243583
ACC00817,1,6.11698383387598,Daylight,Fine,Snow,Urban,Morning,6,4,3,Car,Turning right,Male,36-45,Urban area,Give way,,,,51.4966459025099,0.299763726530969
ACC00818,2,13.8959579834151,Daylight,Fine,Wet,Rural,Evening,12,6,1,Car,Going ahead,Female,46-55,Rural area,Give way,Parked vehicle,,Central island,51.3453720652192,0.0223007024787216
ACC00819,2,33.7880086095951,Darkness - lights unlit,Snow,Dry,Rural,Evening,1,5,1,Motorcycle,Slowing or stopping,Female,46-55,Rural area,Uncontrolled,Parked vehicle,Skidded,Central island,52.392888452827,-0.23471723360053
ACC00820,1,21.6754599786679,Daylight,Fine,Dry,Urban,Morning,1,3,1,Car,Going ahead,Male,36-45,Urban area,Auto traffic signal,,,,52.4091563060562,-0.407630419106445
ACC00821,2,2.07988222450894,Daylight,Rain,Snow,Rural,Night,1,4,3,Truck,Turning right,Male,46-55,Urban area,Uncontrolled,Pedestrian in carriageway,Skidded,Central island,52.6107890669371,0.497052672803748
ACC00822,1,46.1042360615875,Street lights,Fine,Dry,Urban,Afternoon,9,3,1,Van,Turning right,Male,56-65,Urban area,Uncontrolled,,,Kerb,52.0380540721508,0.420892004358655
ACC00823,2,55.3259652734691,Daylight,Snow,Snow,Rural,Night,15,7,1,Truck,Slowing or stopping,Female,36-45,Rural area,Give way,Previous accident,,Kerb,52.6808926900203,0.0693635767778814
ACC00824,1,19.8390949237526,Daylight,Rain,Dry,Urban,Afternoon,7,1,1,Car,Turning right,Male,36-45,Urban area,Give way,,,,51.9054020353377,0.0742335407439781
ACC00825,1,6.90735907783502,Daylight,Fine,Dry,Urban,Afternoon,11,1,3,Van,Going ahead,Female,56-65,Urban area,Give way,Previous accident,,Central island,52.3456843743339,-0.29771336089705
ACC00826,1,59.3465024329797,Daylight,Fine,Dry,Urban,Early Morning,1,1,1,Motorcycle,Turning right,Female,36-45,Urban area,Auto traffic signal,Pedestrian in carriageway,,,51.2905088985631,-0.0166676534259258
ACC00827,2,59.4395799952432,Daylight,Rain,Wet,Urban,Night,1,3,4,Motorcycle,Turning right,Female,46-55,Urban area,Give way,Pedestrian in carriageway,,Central island,51.8606279486455,-0.12412357384075
ACC00828,1,48.551518938406,Daylight,Fine,Dry,Urban,Afternoon,13,1,1,Motorcycle,Turning right,Female,36-45,Urban area,Give way,,,,51.1997946195211,-0.209504063584869
ACC00829,1,5.04954595422967,Daylight,Fog,Wet,Urban,Early Morning,7,1,1,Motorcycle,Turning right,Male,26-35,Urban area,Give way,,,,52.5458446835339,0.156674294530895
ACC00830,1,31.6772548693753,Darkness - lights unlit,Fine,Snow,Urban,Afternoon,9,2,1,Car,Turning right,Female,36-45,Urban area,Give way,,,,52.0838477013039,0.383509124047048
ACC00831,2,29.8297249739151,Daylight,Rain,Wet,Rural,Early Morning,15,1,1,Motorcycle,Going ahead,Female,46-55,Urban area,Uncontrolled,Parked vehicle,,,52.5113716000733,0.338010420305125
ACC00832,2,23.5409011543905,Darkness,Snow,Snow,Rural,Night,6,1,1,Car,Slowing or stopping,Female,36-45,Urban area,Auto traffic signal,Parked vehicle,,Central island,51.229907707574,-0.432841221533963
ACC00833,2,39.0435726324063,Daylight,Rain,Dry,Urban,Night,16,4,6,Truck,Slowing or stopping,Female,65+,Urban area,Give way,Previous accident,Skidded,,51.021107351588,0.142276072561712
ACC00834,1,20.4345338220265,Daylight,Rain,Wet,Urban,Afternoon,19,4,7,Motorcycle,Turning right,Female,36-45,Urban area,Give way,,Overturned,Kerb,51.3620390745651,-0.116537142503799
ACC00835,1,-10.4653128597701,Daylight,Fine,Dry,Urban,Morning,2,1,1,Van,Turning right,Female,26-35,Rural area,Give way,Parked vehicle,,,51.6384910194879,0.46163056607965
ACC00836,1,41.7352676419396,Daylight,Fog,Wet,Urban,Afternoon,11,1,1,Van,Going ahead,Female,36-45,Urban area,Give way,Parked vehicle,,,51.0186929087194,0.304313476660248
ACC00837,2,69.2034693993097,Daylight,Fine,Snow,Urban,Evening,11,2,2,Motorcycle,Slowing or stopping,Female,36-45,Rural area,Auto traffic signal,Parked vehicle,Skidded,Central island,52.1762470452533,0.158212489926061
ACC00838,1,53.1925917462753,Daylight,Fine,Wet,Urban,Afternoon,1,3,1,Van,Going ahead,Female,36-45,Urban area,Give way,Parked vehicle,Skidded,,52.3442293802262,0.118479069584411
ACC00839,3,50.0238908840575,Darkness - lights unlit,Rain,Wet,Rural,Night,1,4,2,Truck,Overtaking,Female,65+,Rural area,Auto traffic signal,Pedestrian in carriageway,Skidded,Kerb,51.7770858749337,-0.422101518277062
ACC00840,1,-22.807296606461,Darkness - lights unlit,Mist,Dry,Urban,Morning,6,1,5,Van,Turning right,Male,36-45,Urban area,Give way,,,,51.6736114321345,-0.473573703234476
ACC00841,1,22.9270449341915,Darkness - lights unlit,Fine,Wet,Rural,Night,2,2,1,Motorcycle,Going ahead,Female,36-45,Urban area,Give way,,,,51.6372799851903,-0.342916709898524
ACC00842,3,46.8620820700607,Darkness,Rain,Wet,Rural,Early Morning,5,2,2,Bus,Turning right,Female,56-65,Rural area,Not at junction,Previous accident,Skidded,Kerb,52.3906426850225,-0.288996483008867
ACC00843,3,51.9749459966256,Darkness,Rain,Wet,Rural,Night,26,1,4,Motorcycle,Turning right,Female,56-65,Urban area,Uncontrolled,Previous accident,Overturned,Other object,51.3179547910099,0.301953932798138
ACC00844,1,-18.9351967091973,Daylight,Fine,Wet,Urban,Morning,1,1,1,Van,Going ahead,Male,36-45,Urban area,Give way,,,Central island,51.9442338995245,-0.510988788643623
ACC00845,1,57.5400448679089,Daylight,Fine,Dry,Urban,Morning,4,3,1,Car,Going ahead,Female,26-35,Urban area,Give way,Parked vehicle,,Central island,52.3367865245065,-0.333916788915277
ACC00846,3,48.0560993672394,Darkness - lights unlit,Snow,Icy,Rural,Early Morning,8,2,5,Truck,Overtaking,Male,56-65,Rural area,Uncontrolled,Previous accident,Skidded,Kerb,51.3889753061914,0.360220028142182
ACC00847,2,3.56814775286261,Darkness,Rain,Icy,Rural,Night,20,1,1,Motorcycle,Turning right,Male,46-55,Rural area,Auto traffic signal,Previous accident,,Kerb,52.0614808287027,0.35982317019376
ACC00848,1,73.8928352046402,Daylight,Fine,Dry,Urban,Afternoon,29,1,5,Van,Turning right,Male,26-35,Urban area,Give way,Parked vehicle,,Other object,52.5964150874719,-0.108238901812932
ACC00849,3,60.6212468353219,Darkness,Rain,Icy,Rural,Early Morning,6,3,2,Van,Turning right,Male,46-55,Urban area,Not at junction,Pedestrian in carriageway,Overturned,Other object,51.8289331920938,-0.318505552887379
ACC00850,3,67.5191494898525,Darkness,Rain,Wet,Rural,Night,25,8,4,Truck,Turning right,Female,56-65,Rural area,Uncontrolled,Pedestrian in carriageway,Overturned,Other object,52.2470647885066,-0.0929377561447831
ACC00851,2,56.1879599629872,Daylight,Rain,Wet,Rural,Night,20,5,5,Truck,Slowing or stopping,Male,36-45,Urban area,Uncontrolled,,,,51.8871067064185,-0.220477266728487
ACC00852,3,68.71376931059,Darkness,Fog,Wet,Rural,Early Morning,19,4,4,Car,Turning right,Female,56-65,Rural area,Not at junction,Pedestrian in carriageway,Skidded,Other object,51.3563011952115,-0.037784746026463
ACC00853,2,54.2645604600897,Daylight,Fine,Dry,Rural,Evening,13,3,1,Motorcycle,Slowing or stopping,Male,46-55,Urban area,Uncontrolled,Parked vehicle,Overturned,Central island,51.7296583252209,-0.0562543271449343
ACC00854,3,29.8648740207874,Darkness,Fog,Wet,Rural,Early Morning,1,6,1,Bus,Overtaking,Male,46-55,Rural area,Not at junction,Previous accident,Overturned,Other object,51.8962265208492,-0.348883127101718
ACC00855,1,-1.68533371613078,Daylight,Fine,Dry,Urban,Afternoon,16,1,1,Car,Turning right,Female,46-55,Urban area,Auto traffic signal,Previous accident,,,52.1832350506915,0.400589501380252
ACC00856,1,5.42052364282427,Daylight,Fine,Dry,Rural,Morning,8,1,1,Car,Going ahead,Male,26-35,Rural area,Auto traffic signal,,,,51.8286330370242,-0.542847764690305
ACC00857,2,19.7979356030566,Daylight,Snow,Wet,Urban,Evening,12,1,4,Motorcycle,Turning right,Female,46-55,Rural area,Give way,Parked vehicle,,Other object,51.8568646129689,0.39547456995985
ACC00858,1,32.7993996742635,Daylight,Fine,Dry,Urban,Early Morning,4,1,3,Motorcycle,Turning right,Male,26-35,Urban area,Auto traffic signal,,,,51.412199856179,-0.557731016141443
ACC00859,3,74.5712683222808,Darkness,Snow,Icy,Rural,Early Morning,19,2,3,Truck,Turning right,Female,56-65,Urban area,Not at junction,Previous accident,Skidded,Other object,52.5349518201017,-0.268027432771126
ACC00860,3,64.4086464123145,Daylight,Rain,Icy,Rural,Early Morning,13,1,2,Motorcycle,Slowing or stopping,Female,65+,Rural area,Not at junction,Pedestrian in carriageway,Skidded,Other object,52.1508413238631,0.0609573322941799
ACC00861,1,16.3860789879067,Daylight,Fine,Dry,Urban,Morning,1,1,1,Motorcycle,Turning right,Male,36-45,Rural area,Auto traffic signal,,,,51.9911706536485,-0.525564801909998
ACC00862,2,47.8942395160793,Darkness,Rain,Dry,Rural,Evening,4,3,1,Truck,Slowing or stopping,Male,46-55,Rural area,Give way,Previous accident,,Central island,51.9893041905598,0.40598164000055
ACC00863,3,84.276542526598,Daylight,Snow,Icy,Urban,Night,17,1,1,Bus,Turning right,Female,56-65,Rural area,Not at junction,Previous accident,Overturned,Kerb,51.7442911042296,0.164673261538784
ACC00864,3,53.8242587016811,Darkness,Snow,Snow,Rural,Night,10,5,1,Truck,Turning right,Male,65+,Rural area,Uncontrolled,Pedestrian in carriageway,Overturned,Other object,52.1278821668206,0.152019712909932
ACC00865,1,2.64117773589823,Daylight,Fine,Dry,Rural,Afternoon,1,4,1,Van,Going ahead,Female,46-55,Urban area,Give way,,,,51.3910150233891,0.320745237767234
ACC00866,3,73.603824564558,Darkness - lights unlit,Rain,Icy,Rural,Early Morning,12,1,6,Bus,Turning right,Female,36-45,Urban area,Uncontrolled,Pedestrian in carriageway,Skidded,Kerb,51.0560272312712,0.426006378332597
ACC00867,2,41.5869486557096,Darkness,Snow,Snow,Rural,Evening,7,6,3,Bus,Turning right,Female,46-55,Rural area,Give way,,Overturned,Central island,52.0908670635572,-0.256544976417191
ACC00868,1,56.7216899537761,Daylight,Fog,Dry,Urban,Morning,10,5,5,Car,Turning right,Male,36-45,Urban area,Auto traffic signal,Parked vehicle,,,51.9661246256703,0.206424324656809
ACC00869,1,0.295729252085277,Daylight,Fine,Dry,Rural,Morning,1,1,3,Bus,Turning right,Female,26-35,Urban area,Auto traffic signal,Previous accident,,,52.14189116349,0.415032909564734
ACC00870,3,45.8841747712072,Darkness - lights unlit,Snow,Wet,Rural,Night,21,1,1,Bus,Turning right,Female,56-65,Rural area,Not at junction,Previous accident,Skidded,Other object,52.1561872399052,-0.0656199283889485
ACC00871,3,57.3333225931864,Darkness - lights unlit,Rain,Icy,Rural,Night,8,2,1,Truck,Turning right,Male,46-55,Rural area,Not at junction,Pedestrian in carriageway,Overturned,Other object,52.3945545321014,-0.182070976766823
ACC00872,1,50.3956629299828,Darkness - lights unlit,Fine,Dry,Urban,Morning,4,1,1,Van,Going ahead,Male,36-45,Urban area,Give way,,,,51.9464969181237,0.278585610820032
ACC00873,2,32.9675109987286,Daylight,Rain,Dry,Rural,Night,7,1,2,Van,Slowing or stopping,Female,46-55,Urban area,Give way,Parked vehicle,,Kerb,51.6205861119794,0.295123125124302
ACC00874,2,48.2280514241315,Darkness,Rain,Dry,Rural,Night,10,2,1,Motorcycle,Turning right,Female,36-45,Urban area,Auto traffic signal,Parked vehicle,Overturned,Kerb,51.4017542299361,0.247122817453314
ACC00875,2,40.0957162219836,Darkness - lights unlit,Fine,Dry,Urban,Evening,18,3,4,Motorcycle,Slowing or stopping,Female,56-65,Rural area,Uncontrolled,Previous accident,,Kerb,51.0272999985562,-0.106003247114565
ACC00876,2,50.310005345133,Daylight,Rain,Wet,Rural,Evening,22,3,4,Bus,Turning right,Female,36-45,Urban area,Uncontrolled,Previous accident,,Central island,52.2645656463062,0.0949097945057521
ACC00877,2,39.6610486820761,Daylight,Fine,Dry,Urban,Night,8,3,1,Truck,Going ahead,Female,46-55,Urban area,Give way,Pedestrian in carriageway,,,52.0854925785258,-0.378697443616683
ACC00878,1,9.54794161736914,Street lights,Fine,Dry,Rural,Night,1,1,1,Van,Turning right,Male,36-45,Urban area,Auto traffic signal,,,,52.6103816773401,0.016726103857788
ACC00879,3,88.0235973102284,Darkness,Rain,Wet,Rural,Night,20,4,6,Bus,Turning right,Female,56-65,Rural area,Not at junction,Previous accident,Skidded,Other object,51.9645868714112,0.0582940580479515
ACC00880,1,41.8080471643677,Daylight,Fine,Dry,Urban,Morning,13,4,1,Van,Going ahead,Female,26-35,Urban area,Auto traffic signal,,,,52.6729418976388,0.213894532843623
ACC00881,2,71.695540439642,Daylight,Rain,Wet,Urban,Night,9,5,1,Truck,Turning right,Male,36-45,Urban area,Uncontrolled,,,Kerb,52.0445162069792,0.110087389968164
ACC00882,2,19.4256199787129,Street lights,Rain,Dry,Urban,Night,21,2,6,Truck,Turning right,Male,36-45,Urban area,Uncontrolled,,,,52.2291585324464,0.13735207241386
ACC00883,2,11.2198822652154,Daylight,Rain,Wet,Urban,Night,4,1,3,Motorcycle,Slowing or stopping,Female,36-45,Urban area,Give way,Previous accident,,,52.3736250734067,-0.580651092166223
ACC00884,2,38.3464305839259,Darkness,Rain,Icy,Urban,Evening,1,4,1,Motorcycle,Slowing or stopping,Female,46-55,Urban area,Give way,,,,51.264962624898,0.139498658397612
ACC00885,1,23.2609094640378,Daylight,Fine,Dry,Urban,Afternoon,1,1,3,Van,Turning right,Female,65+,Urban area,Give way,,Overturned,Central island,52.4357339775096,0.154959916354707
ACC00886,2,63.7069909415119,Darkness,Fine,Wet,Urban,Evening,1,1,3,Car,Turning right,Male,46-55,Rural area,Give way,Parked vehicle,,,52.3047613821721,0.0966724400268483
ACC00887,1,32.7304892643402,Daylight,Fine,Wet,Urban,Afternoon,10,4,3,Bus,Overtaking,Male,36-45,Rural area,Give way,,,,52.4740229415862,0.430266261524458
ACC00888,2,52.98174586777,Daylight,Fine,Wet,Rural,Morning,8,3,3,Car,Turning right,Female,46-55,Rural area,Uncontrolled,Previous accident,Overturned,Other object,51.7338079964097,-0.425604310849228
ACC00889,1,17.4494929092366,Daylight,Fine,Wet,Urban,Afternoon,14,1,1,Van,Slowing or stopping,Female,36-45,Urban area,Give way,,Skidded,,51.6475144562727,0.491373816305644
ACC00890,1,30.3051400815463,Daylight,Fine,Dry,Urban,Morning,13,3,1,Bus,Slowing or stopping,Female,36-45,Urban area,Auto traffic signal,,,,52.6488544762848,0.336567453519605
ACC00891,3,62.1136403837144,Darkness,Rain,Icy,Rural,Early Morning,11,1,6,Truck,Slowing or stopping,Female,46-55,Urban area,Uncontrolled,Previous accident,Overturned,Other object,51.5555531610276,0.0871210778174055
ACC00892,2,63.5787431873516,Darkness,Rain,Dry,Urban,Night,1,3,2,Car,Slowing or stopping,Female,46-55,Urban area,Auto traffic signal,,Overturned,,51.1890681775038,-0.542154453764185
ACC00893,3,40.9562648292281,Darkness - lights unlit,Rain,Icy,Rural,Early Morning,9,6,1,Motorcycle,Overtaking,Male,65+,Urban area,Not at junction,Previous accident,Overturned,Other object,51.1680441997532,-0.141530437083002
ACC00894,1,20.1738924080159,Street lights,Fine,Dry,Urban,Afternoon,26,4,1,Car,Going ahead,Female,36-45,Urban area,Give way,Pedestrian in carriageway,Skidded,Kerb,51.8553316395862,-0.519484483854712
ACC00895,2,60.8828001381908,Daylight,Rain,Icy,Rural,Evening,6,2,1,Bus,Overtaking,Male,56-65,Urban area,Give way,Previous accident,,,51.5930734270518,-0.070291263160014
ACC00896,3,37.2859484072419,Darkness,Fog,Dry,Rural,Night,17,1,2,Truck,Turning right,Female,56-65,Rural area,Not at junction,Pedestrian in carriageway,Skidded,Kerb,52.3861423782907,0.31411694335881
ACC00897,2,78.89334243505,Daylight,Snow,Wet,Urban,Evening,8,3,1,Car,Slowing or stopping,Female,56-65,Urban area,Uncontrolled,Parked vehicle,,,52.1144489356095,-0.480670616676943
ACC00898,3,48.4542264746974,Darkness,Rain,Icy,Rural,Early Morning,1,6,5,Truck,Turning right,Female,56-65,Rural area,Not at junction,Previous accident,Skidded,Other object,52.1262655312037,-0.176323628602057
ACC00899,3,49.9061556931323,Darkness - lights unlit,Snow,Icy,Rural,Early Morning,6,4,1,Truck,Overtaking,Female,65+,Urban area,Not at junction,Pedestrian in carriageway,Skidded,Other object,52.3966664516555,0.335548238415347
ACC00900,3,80.5186841450113,Darkness - lights unlit,Rain,Icy,Rural,Morning,5,3,6,Bus,Overtaking,Male,65+,Urban area,Not at junction,Pedestrian in carriageway,Overturned,Kerb,52.6330942544386,-0.363981338329495
ACC00901,3,89.0406645846104,Darkness,Rain,Wet,Rural,Evening,2,2,1,Truck,Overtaking,Female,65+,Rural area,Not at junction,Previous accident,Skidded,Kerb,52.3152637570905,0.239199809539194
ACC00902,1,47.1495918161611,Daylight,Fine,Icy,Urban,Morning,1,1,1,Car,Turning right,Female,36-45,Urban area,Auto traffic signal,,,,51.9130811210915,-0.554159809337377
ACC00903,3,66.6227087335434,Darkness,Rain,Snow,Urban,Night,12,6,3,Motorcycle,Turning right,Male,56-65,Urban area,Not at junction,Pedestrian in carriageway,Skidded,Kerb,51.8174957209088,0.159187824721813
ACC00904,1,75.7574143000731,Daylight,Fine,Wet,Rural,Afternoon,1,3,1,Car,Turning right,Male,36-45,Rural area,Auto traffic signal,,Overturned,,51.0303856890468,0.312334131344732
ACC00905,3,42.6378706414023,Darkness,Snow,Wet,Rural,Evening,15,4,3,Bus,Turning right,Female,56-65,Urban area,Not at junction,Pedestrian in carriageway,Skidded,Other object,52.0695288307627,0.157908261929587
ACC00906,3,35.5033101534643,Darkness - lights unlit,Fog,Icy,Rural,Night,16,3,2,Truck,Overtaking,Male,65+,Rural area,Not at junction,Pedestrian in carriageway,Skidded,Other object,51.2339134569909,0.406457410211833
ACC00907,3,31.5128814120362,Darkness,Rain,Icy,Urban,Night,20,6,4,Bus,Overtaking,Female,56-65,Rural area,Not at junction,Pedestrian in carriageway,Overturned,Kerb,51.3036913839955,-0.382218051605486
ACC00908,2,32.9748137298432,Darkness - lights unlit,Fine,Wet,Urban,Evening,10,1,1,Motorcycle,Turning right,Male,36-45,Rural area,Auto traffic signal,Parked vehicle,,Central island,52.3363962612653,-0.560196722713782
ACC00909,2,15.6781785880663,Daylight,Snow,Wet,Urban,Evening,16,7,1,Motorcycle,Turning right,Female,46-55,Urban area,Auto traffic signal,Previous accident,,Central island,51.7769039259408,0.0105937755201017
ACC00910,2,37.6114302775259,Daylight,Rain,Dry,Rural,Night,5,5,1,Van,Turning right,Male,46-55,Rural area,Uncontrolled,,Overturned,,51.6101520846967,0.118443737318622
ACC00911,3,90.1550286549368,Darkness,Rain,Icy,Rural,Night,26,1,1,Truck,Turning right,Male,56-65,Urban area,Uncontrolled,Previous accident,Skidded,Kerb,52.562768788177,0.391192866631749
ACC00912,1,58.1722087778797,Daylight,Fine,Dry,Urban,Afternoon,10,4,1,Car,Slowing or stopping,Male,26-35,Urban area,Auto traffic signal,,,,51.0693177406431,0.384298321666581
ACC00913,3,77.5875661468536,Darkness,Rain,Icy,Urban,Night,10,2,1,Bus,Overtaking,Male,65+,Rural area,Not at junction,Pedestrian in carriageway,Skidded,Kerb,51.1419902985305,0.248077268453193
ACC00914,2,30.838945803713,Daylight,Fog,Dry,Rural,Night,8,1,2,Motorcycle,Slowing or stopping,Female,36-45,Urban area,Give way,,Skidded,Central island,51.2109646893865,-0.231363306634153
ACC00915,3,67.6959422700731,Darkness,Rain,Wet,Rural,Night,21,5,1,Truck,Overtaking,Female,65+,Urban area,Not at junction,Parked vehicle,Overturned,Kerb,51.33056278443,-0.191957114606816
ACC00916,1,5.32419469658328,Daylight,Mist,Dry,Urban,Morning,1,1,1,Van,Going ahead,Female,36-45,Urban area,Give way,,Skidded,,51.3710316093706,-0.0052316756905985
ACC00917,1,32.017893765822,Street lights,Fine,Dry,Urban,Afternoon,1,1,5,Van,Going ahead,Male,65+,Urban area,Not at junction,Parked vehicle,,,52.0314155788509,-0.11578110224896
ACC00918,2,30.8533599169014,Darkness,Fine,Wet,Urban,Night,10,3,5,Motorcycle,Turning right,Female,36-45,Urban area,Give way,Previous accident,Skidded,Central island,51.7693071948498,0.240876148607211
ACC00919,1,57.6987696238752,Street lights,Fine,Dry,Urban,Afternoon,1,1,1,Bus,Going ahead,Female,36-45,Urban area,Auto traffic signal,,,,52.2682762947512,-0.0290342300009025
ACC00920,2,97.5251160651958,Daylight,Rain,Wet,Urban,Evening,11,4,1,Motorcycle,Turning right,Female,46-55,Urban area,Auto traffic signal,,,Central island,51.3534096939474,-0.0136132954429049
ACC00921,2,49.3432949870046,Daylight,Rain,Dry,Urban,Night,12,2,4,Motorcycle,Slowing or stopping,Female,46-55,Urban area,Auto traffic signal,Parked vehicle,Skidded,Kerb,52.2443453251996,-0.532748606986554
ACC00922,2,27.9331575644002,Darkness,Fine,Wet,Urban,Night,16,3,2,Motorcycle,Slowing or stopping,Male,46-55,Rural area,Auto traffic signal,,,Central island,52.2511102429295,0.445486457499114
ACC00923,3,37.3758894561667,Darkness - lights unlit,Rain,Wet,Rural,Early Morning,42,1,3,Truck,Slowing or stopping,Male,56-65,Rural area,Not at junction,Pedestrian in carriageway,Overturned,Kerb,52.6560582902301,-0.26562429993558
ACC00924,3,52.0638444588193,Darkness,Rain,Icy,Rural,Early Morning,26,4,2,Motorcycle,Turning right,Female,65+,Rural area,Not at junction,Pedestrian in carriageway,Overturned,Kerb,51.4303534412401,0.0937179497565395
ACC00925,2,51.3367391128384,Darkness,Snow,Dry,Urban,Evening,3,2,2,Motorcycle,Overtaking,Female,46-55,Urban area,Give way,Parked vehicle,Skidded,Central island,51.9755009176212,0.385527945921092
ACC00926,3,69.6899771634541,Darkness,Rain,Icy,Urban,Early Morning,22,5,5,Bus,Overtaking,Male,46-55,Rural area,Uncontrolled,Pedestrian in carriageway,Overturned,Kerb,51.303804845596,0.0429355079229795
ACC00927,1,44.6060833951273,Daylight,Fine,Dry,Urban,Morning,5,4,1,Van,Turning right,Male,46-55,Urban area,Auto traffic signal,,,,52.4436797978401,0.0852632419198311