Accident_ID,Accident_Severity,Speed_limit,Light_Conditions,Weather_Conditions,Road_Surface_Conditions,Urban_or_Rural_Area,Time,Age_of_Vehicle,Number_of_Vehicles,Number_of_Casualties,Vehicle_Type,Vehicle_Manoeuvre,Sex_of_Driver,Age_Band_of_Driver,Driver_Home_Area_Type,Junction_Control,Carriageway_Hazards,Skidding_and_Overturning,Hit_Object_in_Carriageway,latitude,longitude
ACC01852,2,21.6173420472442,Darkness,Fine,Wet,Urban,Evening,23,5,1,Motorcycle,Turning right,Male,46-55,Urban area,Uncontrolled,Parked vehicle,,Central island,52.2245512714549,-0.404525092683505
ACC01853,2,27.0457365129994,Darkness,Rain,Wet,Urban,Evening,10,2,1,Truck,Turning right,Male,36-45,Urban area,Uncontrolled,,,,51.6184362877184,-0.201121353255992
ACC01854,2,56.1025970759547,Daylight,Snow,Wet,Rural,Night,7,2,1,Car,Turning right,Male,36-45,Urban area,Uncontrolled,Parked vehicle,,Central island,51.4964239707493,0.435121804966958
ACC01855,3,82.4133683078265,Darkness,Rain,Icy,Rural,Early Morning,11,1,2,Motorcycle,Turning right,Female,56-65,Rural area,Not at junction,Previous accident,Overturned,Kerb,52.0036796021315,-0.411647886963125
ACC01856,3,114.728895322688,Darkness,Snow,Wet,Urban,Night,21,2,4,Bus,Turning right,Female,56-65,Rural area,Not at junction,Previous accident,Overturned,Kerb,51.0651381622703,0.0258945158425201
ACC01857,3,43.4156529477823,Darkness,Snow,Icy,Rural,Early Morning,14,3,2,Bus,Turning right,Female,26-35,Urban area,Uncontrolled,Previous accident,Overturned,Other object,51.2792018912545,0.279253042810263
ACC01858,3,81.7435913803496,Darkness,Rain,Icy,Rural,Early Morning,9,4,1,Bus,Overtaking,Female,56-65,Rural area,Not at junction,Previous accident,Overturned,Kerb,51.4633359055123,-0.232458491737238
ACC01859,3,99.5155013101113,Darkness,Fine,Icy,Rural,Early Morning,24,6,1,Motorcycle,Turning right,Female,56-65,Urban area,Auto traffic signal,Pedestrian in carriageway,Skidded,Other object,51.7458961188738,-0.570047752173333
ACC01860,3,54.5301973754296,Darkness - lights unlit,Rain,Icy,Rural,Night,23,1,4,Truck,Overtaking,Male,46-55,Rural area,Not at junction,Previous accident,Overturned,Kerb,52.6816983098945,-0.534743391034528
ACC01861,2,43.6934235415258,Darkness,Fine,Wet,Urban,Evening,23,3,1,Motorcycle,Slowing or stopping,Male,56-65,Urban area,Uncontrolled,,Overturned,Central island,52.5135256362168,0.181121981096835
ACC01862,1,12.7023726644859,Darkness,Fine,Dry,Urban,Afternoon,4,1,1,Motorcycle,Going ahead,Male,26-35,Urban area,Auto traffic signal,Pedestrian in carriageway,Overturned,,51.9341990999504,0.0862452571442303
ACC01863,1,29.6718302474391,Daylight,Fine,Wet,Urban,Afternoon,16,1,1,Van,Slowing or stopping,Male,36-45,Urban area,Give way,,,,52.3072786058069,-0.156721803358322
ACC01864,1,5.33736150550348,Daylight,Fine,Dry,Urban,Afternoon,11,1,1,Car,Turning right,Male,46-55,Urban area,Auto traffic signal,,,,52.6964879879067,0.351019970474937
ACC01865,3,58.1860856075438,Darkness - lights unlit,Rain,Icy,Rural,Morning,13,2,7,Truck,Overtaking,Male,46-55,Urban area,Uncontrolled,Pedestrian in carriageway,Overturned,Other object,51.9209417298677,-0.36531495406576
ACC01866,3,67.4360371578543,Darkness,Fog,Wet,Rural,Night,5,1,2,Motorcycle,Overtaking,Female,46-55,Rural area,Not at junction,Previous accident,Skidded,Other object,51.0912106248577,-0.56903189401794
ACC01867,2,55.0659509035256,Daylight,Fine,Wet,Rural,Evening,20,1,1,Motorcycle,Turning right,Female,46-55,Urban area,Auto traffic signal,Previous accident,Skidded,Kerb,51.7907952843163,-0.593473153579338
ACC01868,2,21.1171056355508,Daylight,Snow,Wet,Rural,Night,1,3,1,Truck,Going ahead,Female,46-55,Rural area,Uncontrolled,Parked vehicle,,Central island,52.2475976545654,-0.499441795974031
ACC01869,1,47.0003624818911,Daylight,Snow,Dry,Urban,Morning,15,1,1,Motorcycle,Turning right,Male,26-35,Urban area,Not at junction,,,,51.2037711244673,-0.484576803740008
ACC01870,1,36.5558088839131,Daylight,Snow,Wet,Urban,Night,8,1,1,Car,Going ahead,Female,26-35,Urban area,Give way,,,Kerb,51.0987421406859,0.354023621055783
ACC01871,3,76.1789199850064,Darkness,Mist,Dry,Rural,Early Morning,13,6,3,Bus,Overtaking,Male,65+,Rural area,Not at junction,Parked vehicle,Skidded,Kerb,51.5319218367276,0.0027281588890957
ACC01872,1,75.7562884303195,Daylight,Mist,Snow,Urban,Afternoon,1,2,1,Motorcycle,Going ahead,Male,26-35,Rural area,Give way,,,,52.3423508427508,0.304875750365046
ACC01873,2,54.6684974619044,Darkness,Rain,Snow,Urban,Night,2,6,2,Motorcycle,Turning right,Male,46-55,Rural area,Auto traffic signal,,,,52.0952898660972,-0.338677572278167
ACC01874,3,59.9821770877896,Daylight,Rain,Wet,Rural,Early Morning,18,2,4,Truck,Overtaking,Male,56-65,Rural area,Not at junction,Pedestrian in carriageway,Skidded,Kerb,52.4047761768957,-0.359366825822873
ACC01875,3,36.2099994811386,Darkness,Snow,Wet,Urban,Night,21,6,2,Truck,Overtaking,Male,46-55,Rural area,Not at junction,Pedestrian in carriageway,Skidded,Other object,52.5107147960468,0.0139062323797148
ACC01876,2,16.2435378577235,Darkness,Rain,Wet,Rural,Night,4,3,1,Car,Slowing or stopping,Male,36-45,Rural area,Give way,,,,52.3663834108676,0.426978171153404
ACC01877,2,38.3798593317426,Street lights,Rain,Wet,Urban,Evening,8,5,2,Car,Slowing or stopping,Female,36-45,Rural area,Give way,,Skidded,,52.0951493191292,-0.124073881540211
ACC01878,2,-6.56411974394758,Daylight,Rain,Wet,Rural,Night,10,1,1,Van,Slowing or stopping,Male,36-45,Urban area,Give way,Previous accident,,Central island,51.315486402532,0.166855485541639
ACC01879,1,39.885457879479,Daylight,Fine,Dry,Rural,Morning,33,1,5,Car,Turning right,Male,36-45,Urban area,Give way,,,,51.2278258883661,0.0044824894845186
ACC01880,3,33.7227767962499,Darkness,Rain,Dry,Urban,Early Morning,38,8,3,Motorcycle,Turning right,Male,46-55,Rural area,Uncontrolled,Previous accident,Overturned,Kerb,51.837298079443,0.36812118146979
ACC01881,2,44.6603936540741,Darkness,Snow,Dry,Rural,Evening,20,1,3,Motorcycle,Turning right,Female,36-45,Urban area,Uncontrolled,,,Central island,52.1165498078711,0.102189735374026
ACC01882,3,78.7572155907027,Darkness,Rain,Wet,Rural,Early Morning,5,4,4,Motorcycle,Turning right,Male,46-55,Urban area,Uncontrolled,Parked vehicle,Overturned,Kerb,52.228468451257,0.103142491571889
ACC01883,3,87.9895466630462,Darkness - lights unlit,Rain,Wet,Urban,Early Morning,20,2,4,Motorcycle,Turning right,Female,56-65,Rural area,Uncontrolled,Previous accident,Overturned,Kerb,51.5573529587566,0.311944443818269
ACC01884,2,24.9717516077451,Darkness,Snow,Snow,Urban,Night,1,5,2,Motorcycle,Turning right,Female,46-55,Rural area,Give way,Pedestrian in carriageway,,Central island,51.186362476761,0.370866186101726
ACC01885,1,25.6744037289143,Daylight,Fine,Dry,Rural,Afternoon,2,1,1,Car,Going ahead,Male,26-35,Urban area,Auto traffic signal,,,,51.8737821315717,-0.0942195338537477
ACC01886,1,46.7282305007977,Daylight,Mist,Wet,Urban,Morning,17,4,3,Car,Going ahead,Female,36-45,Urban area,Give way,,Overturned,,52.1197791737522,0.135034078410518
ACC01887,1,60.1285319251759,Daylight,Fog,Dry,Urban,Morning,3,1,1,Car,Turning right,Male,46-55,Urban area,Auto traffic signal,,Overturned,,52.2125161382791,0.116833507913474
ACC01888,3,83.6527676418479,Darkness - lights unlit,Rain,Wet,Rural,Night,9,4,4,Truck,Overtaking,Male,46-55,Rural area,Uncontrolled,Pedestrian in carriageway,Skidded,Kerb,51.5444845020725,-0.0937964348025379
ACC01889,3,56.1619379382489,Darkness - lights unlit,Fog,Icy,Urban,Early Morning,5,2,3,Truck,Overtaking,Female,46-55,Rural area,Not at junction,Previous accident,Overturned,Other object,51.8618448560121,0.0942738862138762
ACC01890,2,3.6603798240701,Darkness,Fine,Dry,Rural,Night,5,4,5,Car,Turning right,Male,36-45,Urban area,Uncontrolled,Parked vehicle,Overturned,Central island,51.4935057211749,0.24918797728016
ACC01891,3,92.3246839873555,Darkness,Rain,Icy,Rural,Night,16,3,4,Bus,Overtaking,Male,46-55,Rural area,Not at junction,Pedestrian in carriageway,Skidded,Other object,51.5879777961548,-0.0318294444931015
ACC01892,2,28.7673690959961,Darkness - lights unlit,Fine,Wet,Urban,Night,13,1,4,Car,Slowing or stopping,Female,46-55,Rural area,Auto traffic signal,Parked vehicle,,Central island,52.5423922544694,-0.541286956405013
ACC01893,3,94.7956519172494,Darkness,Rain,Wet,Urban,Early Morning,23,6,2,Car,Turning right,Female,46-55,Urban area,Uncontrolled,Previous accident,Overturned,Other object,51.9777353497864,0.167554805579088
ACC01894,2,36.6956424101969,Darkness,Fine,Wet,Rural,Evening,15,2,4,Motorcycle,Turning right,Male,36-45,Urban area,Auto traffic signal,Parked vehicle,Skidded,Central island,51.2397844734247,-0.216079416203313
ACC01895,2,62.1740277657629,Darkness,Rain,Dry,Rural,Night,23,6,3,Truck,Turning right,Female,36-45,Urban area,Give way,Pedestrian in carriageway,,Central island,51.788496921905,-0.439789624370852
ACC01896,3,88.1499326241476,Darkness,Rain,Icy,Rural,Early Morning,1,6,1,Motorcycle,Turning right,Female,56-65,Rural area,Uncontrolled,Previous accident,Skidded,Other object,52.5156950014102,-0.0513536032893562
ACC01897,2,25.1594026739521,Daylight,Rain,Wet,Rural,Night,7,2,1,Motorcycle,Turning right,Female,46-55,Urban area,Auto traffic signal,Parked vehicle,Skidded,Central island,51.2217470727067,0.19019624080582
ACC01898,3,76.1720211101774,Street lights,Rain,Icy,Rural,Night,2,4,1,Motorcycle,Overtaking,Male,26-35,Rural area,Not at junction,Pedestrian in carriageway,Overturned,Kerb,51.8215204834744,0.348122149827398
ACC01899,2,26.7761519213169,Daylight,Snow,Wet,Urban,Evening,30,1,1,Truck,Overtaking,Female,46-55,Urban area,Uncontrolled,Previous accident,,,51.5930655645095,0.046902070665353
ACC01900,3,37.2799019696747,Darkness,Rain,Icy,Rural,Early Morning,13,6,3,Bus,Overtaking,Female,56-65,Rural area,Uncontrolled,Previous accident,Overturned,Kerb,51.8947544327906,-0.0290464105004217
ACC01901,1,36.3458773618058,Daylight,Fine,Icy,Urban,Afternoon,11,1,3,Truck,Going ahead,Male,26-35,Urban area,Give way,,,,51.9881049764184,-0.190616273778735
ACC01902,3,49.1968466554225,Darkness,Rain,Wet,Rural,Evening,21,3,4,Bus,Overtaking,Male,56-65,Rural area,Not at junction,Pedestrian in carriageway,Overturned,Central island,52.1875537427299,-0.0118578209983828
ACC01903,1,24.8141671741721,Daylight,Rain,Dry,Urban,Afternoon,1,1,3,Motorcycle,Turning right,Male,36-45,Urban area,Auto traffic signal,Parked vehicle,,,51.636841444865,-0.189423029207726
ACC01904,3,73.2769161594963,Darkness,Rain,Icy,Rural,Night,22,4,5,Motorcycle,Overtaking,Male,46-55,Urban area,Auto traffic signal,Previous accident,Overturned,Kerb,52.1350673658087,0.106706367915124
ACC01905,3,83.0498923245741,Darkness - lights unlit,Fog,Icy,Rural,Early Morning,27,1,1,Motorcycle,Overtaking,Female,56-65,Rural area,Not at junction,Previous accident,Overturned,Kerb,51.9318633809425,0.346377367276139
ACC01906,3,70.5939997191015,Darkness,Rain,Icy,Rural,Morning,27,4,1,Bus,Turning right,Male,65+,Rural area,Uncontrolled,Pedestrian in carriageway,Overturned,Other object,52.2517739862813,-0.0179694508417224
ACC01907,3,78.4110183841248,Darkness,Rain,Icy,Rural,Night,6,1,2,Bus,Turning right,Male,56-65,Rural area,Not at junction,Pedestrian in carriageway,Overturned,Other object,51.3317583465774,0.117409863644409
ACC01908,1,44.5403200399799,Street lights,Fine,Dry,Rural,Afternoon,1,1,1,Van,Turning right,Male,36-45,Urban area,Auto traffic signal,Previous accident,,,51.8417490959238,-0.320169261073968
ACC01909,3,66.1459510254392,Darkness,Rain,Wet,Urban,Early Morning,40,2,1,Motorcycle,Overtaking,Female,36-45,Urban area,Uncontrolled,Pedestrian in carriageway,Skidded,Kerb,52.1475181775574,-0.19587075048522
ACC01910,2,49.9585105518031,Daylight,Rain,Wet,Rural,Evening,9,7,2,Truck,Slowing or stopping,Female,46-55,Rural area,Uncontrolled,Parked vehicle,,,51.5250708417207,-0.0288102440633711
ACC01911,3,90.9946871237848,Daylight,Fog,Wet,Rural,Early Morning,21,1,1,Motorcycle,Overtaking,Male,46-55,Rural area,Give way,Pedestrian in carriageway,Overturned,Kerb,51.1652158185541,-0.478289567097318
ACC01912,3,106.808075300455,Darkness,Rain,Wet,Rural,Night,6,3,5,Motorcycle,Turning right,Male,65+,Rural area,Uncontrolled,Pedestrian in carriageway,Overturned,Kerb,51.6563195594834,-0.338185246913997
ACC01913,2,64.9932963880424,Darkness,Fog,Wet,Urban,Night,29,1,1,Car,Turning right,Male,46-55,Rural area,Give way,Parked vehicle,Skidded,,51.9591705609567,-0.566045054203293
ACC01914,2,39.9492461913291,Darkness,Rain,Wet,Rural,Night,6,5,3,Motorcycle,Turning right,Female,46-55,Urban area,Auto traffic signal,Previous accident,,,51.9499892993612,-0.27321534642388
ACC01915,3,55.653007269342,Darkness,Rain,Icy,Rural,Night,13,1,3,Bus,Overtaking,Male,56-65,Rural area,Not at junction,Previous accident,Overturned,Other object,51.2675869398851,0.147479581245002
ACC01916,1,34.8594020083767,Daylight,Snow,Wet,Urban,Afternoon,25,1,1,Van,Going ahead,Male,26-35,Rural area,Auto traffic signal,,Skidded,,52.5408024546611,-0.298423266784214
ACC01917,1,32.100140928344,Daylight,Fine,Wet,Urban,Morning,1,1,1,Car,Going ahead,Male,26-35,Urban area,Not at junction,Parked vehicle,,,51.6959998087251,-0.091474882899332
ACC01918,3,57.6824351793629,Darkness,Rain,Wet,Rural,Night,25,4,2,Truck,Turning right,Female,36-45,Rural area,Not at junction,Previous accident,Overturned,Other object,52.2471289991941,0.346846895200887
ACC01919,2,26.0760222638798,Daylight,Snow,Wet,Rural,Evening,7,2,1,Truck,Slowing or stopping,Male,65+,Rural area,Give way,Previous accident,,Central island,51.7388240268206,-0.404618198599278
ACC01920,2,65.7924262372439,Darkness,Rain,Snow,Rural,Evening,14,5,1,Car,Slowing or stopping,Male,36-45,Rural area,Give way,Previous accident,,Central island,51.4378651336042,0.233279693546129
ACC01921,2,38.3049589908139,Darkness,Rain,Wet,Rural,Early Morning,3,7,2,Truck,Slowing or stopping,Female,36-45,Urban area,Uncontrolled,,,,51.2853941318408,0.207404679998053
ACC01922,1,52.4682210495819,Daylight,Fog,Wet,Urban,Afternoon,18,4,3,Motorcycle,Going ahead,Male,26-35,Urban area,Give way,,,,51.1660425938109,0.459291204244894
ACC01923,1,20.5574474201209,Daylight,Fine,Dry,Urban,Morning,1,3,1,Car,Turning right,Female,26-35,Urban area,Auto traffic signal,,,,51.0530113296042,0.0768278275767823
ACC01924,3,62.7792839705954,Darkness,Rain,Icy,Rural,Night,13,6,6,Bus,Turning right,Male,46-55,Urban area,Uncontrolled,Pedestrian in carriageway,Overturned,Kerb,51.8876748835719,0.446966917117166
ACC01925,1,44.4139918446778,Daylight,Fine,Dry,Urban,Morning,16,1,1,Van,Slowing or stopping,Female,26-35,Urban area,Not at junction,,,,51.1277342289509,0.0981384005793356
ACC01926,2,45.4432356330447,Street lights,Rain,Wet,Rural,Night,1,2,1,Truck,Turning right,Male,36-45,Rural area,Give way,Parked vehicle,Skidded,,52.5125133242115,-0.321183944632817
ACC01927,3,38.3400698438936,Darkness - lights unlit,Rain,Icy,Rural,Early Morning,21,7,3,Motorcycle,Turning right,Male,56-65,Rural area,Not at junction,Previous accident,Skidded,Kerb,52.2005269921069,-0.340458545417968
ACC01928,2,25.6845423848605,Daylight,Snow,Snow,Rural,Evening,2,1,1,Car,Slowing or stopping,Male,46-55,Rural area,Uncontrolled,Parked vehicle,Overturned,Central island,51.8020041569547,-0.538169486347156
ACC01929,2,42.388495272038,Daylight,Fog,Wet,Urban,Evening,7,4,2,Motorcycle,Slowing or stopping,Female,46-55,Urban area,Uncontrolled,Previous accident,,Central island,52.2557254910551,-0.290311455882416
ACC01930,2,18.9347163873595,Darkness,Fine,Wet,Rural,Night,36,2,1,Car,Turning right,Female,36-45,Urban area,Auto traffic signal,Previous accident,,Kerb,52.3907866340651,-0.178147930772502
ACC01931,1,42.6890431431399,Daylight,Fine,Dry,Urban,Afternoon,19,4,3,Van,Turning right,Female,36-45,Urban area,Auto traffic signal,,,,51.7482592393573,0.095884082447343
ACC01932,2,78.715940603836,Daylight,Snow,Dry,Rural,Evening,20,4,2,Motorcycle,Turning right,Female,36-45,Rural area,Not at junction,Previous accident,,Central island,51.8729875307512,0.260413439651098
ACC01933,2,16.8780444553683,Darkness,Rain,Wet,Urban,Night,16,3,2,Motorcycle,Slowing or stopping,Male,36-45,Urban area,Give way,Previous accident,Skidded,,51.5084363598142,-0.418014195979234
ACC01934,1,9.5559970812123,Daylight,Fog,Dry,Urban,Afternoon,1,1,1,Van,Going ahead,Female,26-35,Urban area,Give way,,Overturned,Kerb,52.00451800342,0.0023516137691099
ACC01935,2,-10.523627085375,Darkness,Rain,Dry,Rural,Night,8,4,3,Car,Slowing or stopping,Male,46-55,Urban area,Give way,Previous accident,Overturned,,51.9859716447686,-0.373725275525773
ACC01936,1,56.0220453926164,Daylight,Fine,Snow,Urban,Morning,14,2,1,Car,Turning right,Male,26-35,Urban area,Give way,,,,52.3882190471017,0.1577738322551
ACC01937,2,82.6081448925279,Darkness,Rain,Wet,Urban,Night,4,3,1,Car,Slowing or stopping,Male,46-55,Rural area,Give way,Parked vehicle,,Central island,51.006199394734,-0.5129365169553
ACC01938,3,45.0629496826578,Darkness - lights unlit,Rain,Wet,Urban,Night,16,1,4,Truck,Overtaking,Male,65+,Rural area,Uncontrolled,Previous accident,Overturned,Kerb,51.5093025055266,-0.32065473394857
ACC01939,2,64.8792073603926,Daylight,Rain,Wet,Rural,Evening,2,3,2,Motorcycle,Slowing or stopping,Female,46-55,Rural area,Give way,Previous accident,,Central island,52.4456167390184,-0.426132569679186
ACC01940,2,56.7090376359105,Darkness,Rain,Dry,Urban,Night,3,4,1,Motorcycle,Slowing or stopping,Female,46-55,Urban area,Give way,Pedestrian in carriageway,,,52.0827282526813,0.221672065155448
ACC01941,3,75.6796754686664,Darkness,Snow,Wet,Rural,Night,36,3,3,Motorcycle,Turning right,Male,36-45,Urban area,Uncontrolled,Previous accident,Skidded,Kerb,52.2342244023353,0.129228474112751
ACC01942,1,27.8896515377352,Daylight,Fine,Dry,Urban,Afternoon,26,1,1,Motorcycle,Turning right,Male,36-45,Urban area,Auto traffic signal,,,Other object,51.1821924192776,-0.118636563539069
ACC01943,3,65.1318130791104,Darkness - lights unlit,Rain,Icy,Rural,Night,12,1,5,Truck,Turning right,Male,65+,Rural area,Uncontrolled,Previous accident,Skidded,Central island,52.0871532330833,0.187941521332428
ACC01944,2,51.0478675006562,Daylight,Fine,Dry,Urban,Night,6,4,3,Bus,Turning right,Male,56-65,Urban area,Auto traffic signal,Pedestrian in carriageway,Skidded,Central island,51.4186517307673,-0.375826781170086
ACC01945,2,50.462369743045,Daylight,Fine,Wet,Rural,Evening,1,2,1,Car,Turning right,Female,56-65,Rural area,Uncontrolled,Previous accident,Overturned,Central island,51.6920444537862,-0.220518869734534
ACC01946,2,44.9897415837025,Darkness,Fog,Snow,Urban,Night,13,3,3,Motorcycle,Turning right,Male,36-45,Rural area,Give way,Previous accident,Overturned,Central island,52.5908597135998,-0.530515496006666
ACC01947,3,69.208104415857,Darkness - lights unlit,Rain,Icy,Rural,Early Morning,33,4,3,Motorcycle,Overtaking,Female,46-55,Rural area,Uncontrolled,Previous accident,Overturned,Kerb,51.8046763917199,-0.103645131531416
ACC01948,2,22.7780107540358,Darkness,Rain,Wet,Rural,Night,3,3,4,Car,Overtaking,Male,36-45,Urban area,Uncontrolled,,,Central island,51.8695832476869,-0.382359885354569
ACC01949,2,47.7487523429873,Daylight,Fine,Dry,Rural,Evening,15,4,4,Car,Turning right,Female,36-45,Rural area,Auto traffic signal,Parked vehicle,Skidded,,51.7703948002196,-0.0574091224843827
ACC01950,1,35.9430323079247,Darkness,Mist,Wet,Urban,Afternoon,6,1,1,Car,Turning right,Female,46-55,Urban area,Give way,,,,51.4390154601082,-0.266397337675645
ACC01951,1,61.8964590485956,Daylight,Fine,Snow,Urban,Afternoon,18,2,3,Car,Going ahead,Female,36-45,Urban area,Auto traffic signal,,Skidded,,51.7133201061272,0.212294130176459
ACC01952,2,1.42978655823756,Darkness,Rain,Wet,Rural,Night,13,2,1,Truck,Slowing or stopping,Male,36-45,Urban area,Auto traffic signal,Previous accident,,Kerb,52.1334853042226,0.469980970917525
ACC01953,1,52.9979361005131,Daylight,Fine,Snow,Urban,Morning,1,3,3,Motorcycle,Going ahead,Female,26-35,Urban area,Auto traffic signal,Previous accident,,,52.4113737697639,-0.215542990704499
ACC01954,2,47.1851763671309,Darkness,Rain,Icy,Urban,Night,15,2,1,Motorcycle,Slowing or stopping,Male,46-55,Rural area,Auto traffic signal,,Overturned,Central island,52.4601509543626,-0.338065721429475
ACC01955,1,-25.3836491035538,Street lights,Fine,Icy,Urban,Afternoon,5,1,1,Car,Going ahead,Male,26-35,Urban area,Auto traffic signal,,Overturned,,52.1797123555941,-0.208957688514507
ACC01956,3,87.4204896107297,Darkness,Rain,Icy,Urban,Night,8,6,1,Truck,Overtaking,Female,46-55,Rural area,Not at junction,Previous accident,Skidded,Other object,51.307654296122,-0.344876532932495
ACC01957,1,39.9157224056898,Daylight,Fine,Wet,Urban,Afternoon,16,1,1,Car,Going ahead,Male,36-45,Urban area,Give way,Parked vehicle,Skidded,Kerb,52.2379677926402,-0.54283158798338
ACC01958,3,51.8956313065066,Darkness - lights unlit,Rain,Wet,Rural,Early Morning,13,1,4,Truck,Turning right,Female,56-65,Urban area,Uncontrolled,Previous accident,Overturned,Other object,52.1171483966563,-0.215693604605071
ACC01959,2,49.6953965721901,Daylight,Snow,Wet,Urban,Night,16,3,1,Motorcycle,Going ahead,Female,46-55,Urban area,Auto traffic signal,Parked vehicle,,,51.7765877545508,0.313071909415357
ACC01960,3,75.3523011696273,Darkness - lights unlit,Fog,Wet,Rural,Afternoon,12,4,2,Bus,Overtaking,Female,56-65,Rural area,Not at junction,Previous accident,Skidded,Kerb,52.0738571915179,-0.591673989125344
ACC01961,1,84.6379521051829,Daylight,Mist,Dry,Rural,Afternoon,1,3,1,Motorcycle,Turning right,Male,36-45,Urban area,Auto traffic signal,Pedestrian in carriageway,,Kerb,51.4612933540156,-0.0624924905548676
ACC01962,1,30.048427981977,Daylight,Fine,Dry,Rural,Night,1,4,3,Car,Turning right,Male,26-35,Urban area,Give way,,,,52.0121545294441,0.0712476644254055
ACC01963,3,62.1152884724092,Darkness,Fog,Icy,Rural,Night,22,1,4,Van,Overtaking,Male,46-55,Rural area,Uncontrolled,Pedestrian in carriageway,Skidded,Central island,52.5010446746019,0.132436902008484
ACC01964,3,81.8989269797481,Darkness - lights unlit,Rain,Snow,Urban,Night,2,8,4,Motorcycle,Overtaking,Male,65+,Rural area,Not at junction,Pedestrian in carriageway,Skidded,Kerb,51.2666727604031,0.188010270232799
ACC01965,2,72.1538405344338,Daylight,Fine,Wet,Urban,Night,17,5,4,Truck,Slowing or stopping,Male,46-55,Rural area,Give way,Parked vehicle,Skidded,Central island,51.1932071442299,0.294356327857639
ACC01966,3,101.440225665182,Darkness,Snow,Icy,Rural,Early Morning,7,3,5,Truck,Turning right,Male,56-65,Rural area,Not at junction,Pedestrian in carriageway,Overturned,Kerb,51.3682747417434,0.129312103843427
ACC01967,2,38.0487011175737,Daylight,Fine,Snow,Rural,Evening,1,1,1,Car,Turning right,Female,56-65,Rural area,Give way,Previous accident,,,52.559515374611,-0.377865049036819
ACC01968,2,58.5955664382885,Daylight,Fog,Wet,Urban,Night,25,1,1,Motorcycle,Turning right,Female,46-55,Urban area,Uncontrolled,Parked vehicle,Skidded,Central island,52.5010191749408,-0.230279389157336
ACC01969,2,17.5767199601331,Darkness,Rain,Dry,Rural,Night,14,3,4,Motorcycle,Slowing or stopping,Male,36-45,Rural area,Auto traffic signal,,,Central island,52.3748161747053,0.260270973729674
ACC01970,1,86.4231010397739,Daylight,Fine,Dry,Urban,Afternoon,1,6,3,Motorcycle,Turning right,Female,26-35,Urban area,Auto traffic signal,Previous accident,,,52.0640153399429,0.358324930489357
ACC01971,3,60.9461294004835,Darkness - lights unlit,Snow,Icy,Rural,Early Morning,19,4,8,Truck,Overtaking,Female,46-55,Rural area,Not at junction,Previous accident,Overturned,Kerb,51.7797733689876,-0.0422907817513715
ACC01972,2,49.1414797527294,Daylight,Fine,Dry,Urban,Evening,16,1,3,Truck,Slowing or stopping,Male,65+,Urban area,Auto traffic signal,Pedestrian in carriageway,,Central island,51.200050071497,0.250587267287988
ACC01973,2,36.6928837306586,Street lights,Rain,Wet,Rural,Night,19,1,1,Motorcycle,Turning right,Male,36-45,Rural area,Uncontrolled,Parked vehicle,Skidded,Central island,52.5129957203879,-0.563789554559651
ACC01974,2,49.9820602869186,Daylight,Rain,Snow,Urban,Evening,1,2,2,Motorcycle,Slowing or stopping,Male,46-55,Rural area,Give way,Previous accident,,Central island,51.8148529722116,0.133584797957377
ACC01975,1,-16.1169377688728,Daylight,Fine,Dry,Urban,Morning,1,2,3,Motorcycle,Going ahead,Female,26-35,Urban area,Give way,,,,51.5037238047752,0.459091392781429
ACC01976,1,50.8034083285306,Daylight,Fine,Dry,Urban,Afternoon,8,1,1,Car,Turning right,Female,26-35,Urban area,Auto traffic signal,,,,52.521206495727,0.470837866095137
ACC01977,3,96.0526871109152,Darkness - lights unlit,Rain,Wet,Rural,Night,28,1,4,Bus,Turning right,Female,65+,Rural area,Not at junction,Pedestrian in carriageway,Overturned,Other object,52.0679777948947,0.457854594744482
ACC01978,3,58.14846849373,Darkness - lights unlit,Rain,Wet,Rural,Early Morning,1,7,7,Truck,Turning right,Female,46-55,Urban area,Not at junction,Pedestrian in carriageway,Overturned,Other object,51.675303889711,-0.0734444733659759
ACC01979,2,-6.19760053562442,Daylight,Rain,Snow,Rural,Evening,1,2,2,Car,Slowing or stopping,Male,46-55,Rural area,Give way,Previous accident,Skidded,Central island,52.2320061286894,0.204057878977228
ACC01980,2,59.6574517979626,Darkness,Snow,Wet,Urban,Night,24,2,1,Car,Turning right,Male,36-45,Rural area,Auto traffic signal,,,Central island,51.4143191246848,0.18929054986389
ACC01981,1,67.1203698550687,Street lights,Mist,Icy,Urban,Afternoon,13,8,1,Car,Going ahead,Male,36-45,Urban area,Give way,,Overturned,,51.9691039891519,-0.415618862082851