Accident_ID,Accident_Severity,Speed_limit,Light_Conditions,Weather_Conditions,Road_Surface_Conditions,Urban_or_Rural_Area,Time,Age_of_Vehicle,Number_of_Vehicles,Number_of_Casualties,Vehicle_Type,Vehicle_Manoeuvre,Sex_of_Driver,Age_Band_of_Driver,Driver_Home_Area_Type,Junction_Control,Carriageway_Hazards,Skidding_and_Overturning,Hit_Object_in_Carriageway,latitude,longitude
ACC01982,1,35.8204652820867,Daylight,Fine,Dry,Urban,Morning,1,1,3,Car,Going ahead,Female,46-55,Urban area,Give way,Previous accident,,Other object,51.2764487968863,0.260230896437425
ACC01983,1,36.2973793381928,Daylight,Fine,Dry,Urban,Afternoon,1,1,1,Motorcycle,Turning right,Male,26-35,Urban area,Auto traffic signal,,,,52.0671036902214,0.206378425632642
ACC01984,3,64.3988961812684,Darkness,Fog,Icy,Rural,Night,40,1,4,Bus,Turning right,Male,26-35,Rural area,Uncontrolled,Pedestrian in carriageway,Overturned,Kerb,51.7565892824243,0.498290849230136
ACC01985,1,56.6806536532971,Daylight,Fine,Icy,Urban,Morning,14,1,5,Van,Going ahead,Male,26-35,Urban area,Auto traffic signal,,,,52.2690353887006,0.40359968017836
ACC01986,1,23.584905481959,Daylight,Rain,Wet,Urban,Afternoon,7,1,1,Van,Turning right,Female,65+,Urban area,Auto traffic signal,Parked vehicle,,Central island,51.9135725249945,-0.201541014182483
ACC01987,2,33.1490454274979,Daylight,Snow,Dry,Urban,Night,23,2,3,Truck,Slowing or stopping,Female,36-45,Urban area,Not at junction,Parked vehicle,Skidded,Central island,52.2792817229696,-0.519082868124512
ACC01988,3,69.8945000723537,Darkness,Rain,Icy,Rural,Night,12,4,1,Truck,Overtaking,Female,65+,Urban area,Not at junction,Previous accident,Overturned,Kerb,51.7841511124966,0.393122326269366
ACC01989,3,76.5589411481554,Darkness,Rain,Icy,Rural,Night,12,10,3,Truck,Overtaking,Male,56-65,Urban area,Not at junction,Previous accident,Overturned,Kerb,51.6133915937237,-0.171621536873701
ACC01990,2,37.8531106714078,Daylight,Rain,Dry,Urban,Morning,10,4,1,Motorcycle,Slowing or stopping,Male,36-45,Rural area,Uncontrolled,Parked vehicle,Skidded,Central island,52.4980217027203,-0.116421046990249
ACC01991,3,60.1938334142915,Darkness,Rain,Snow,Rural,Night,27,1,2,Motorcycle,Turning right,Male,65+,Rural area,Not at junction,Pedestrian in carriageway,Overturned,Kerb,51.5055345965267,-0.527404396697963
ACC01992,2,85.8302469827787,Daylight,Rain,Wet,Urban,Evening,14,2,1,Motorcycle,Turning right,Male,36-45,Urban area,Auto traffic signal,Previous accident,,Central island,51.1307480858501,0.103272639851547
ACC01993,3,80.4949603292704,Darkness,Rain,Icy,Rural,Night,12,5,3,Motorcycle,Turning right,Female,56-65,Urban area,Not at junction,Previous accident,Overturned,Other object,52.4828809111334,-0.0727622842397498
ACC01994,3,77.6533597642436,Darkness,Snow,Wet,Rural,Morning,21,6,1,Motorcycle,Overtaking,Female,65+,Rural area,Not at junction,Pedestrian in carriageway,Skidded,Kerb,51.2242391685343,-0.545941001649305
ACC01995,2,66.435544120745,Darkness,Rain,Dry,Rural,Evening,23,1,4,Van,Slowing or stopping,Female,46-55,Urban area,Uncontrolled,Parked vehicle,,,51.1760240723197,-0.0701434544723081
ACC01996,3,37.6236172161164,Daylight,Rain,Icy,Urban,Night,22,1,2,Bus,Going ahead,Male,65+,Urban area,Uncontrolled,Pedestrian in carriageway,Skidded,Other object,52.4721675792632,-0.339829957070807
ACC01997,3,90.3521296924375,Darkness,Rain,Wet,Rural,Early Morning,12,3,6,Bus,Going ahead,Male,46-55,Rural area,Uncontrolled,Pedestrian in carriageway,Skidded,Other object,52.1115914407651,0.117029080301896
ACC01998,2,36.0572673357001,Daylight,Rain,Dry,Urban,Evening,14,1,4,Bus,Turning right,Female,46-55,Urban area,Auto traffic signal,,Skidded,,52.6228495315569,-0.555149398224491
ACC01999,2,27.6587375030227,Daylight,Snow,Wet,Urban,Evening,18,1,1,Car,Turning right,Female,46-55,Urban area,Uncontrolled,,,Central island,51.3176184907008,-0.137744103918394
ACC02000,1,18.0750966479266,Street lights,Mist,Dry,Urban,Morning,1,1,1,Van,Turning right,Female,26-35,Urban area,Auto traffic signal,Previous accident,Overturned,,52.4389688959487,-0.106528305950003
ACC02001,3,70.6632184809888,Darkness,Rain,Icy,Urban,Early Morning,18,5,2,Motorcycle,Overtaking,Male,56-65,Rural area,Uncontrolled,Pedestrian in carriageway,Skidded,Other object,51.4540581205839,0.323652367519237
ACC02002,3,61.72390555493,Darkness,Rain,Wet,Rural,Early Morning,1,3,2,Bus,Turning right,Male,46-55,Rural area,Uncontrolled,Pedestrian in carriageway,Overturned,Central island,52.2004839734828,0.105456885173874
ACC02003,2,61.7232932537811,Daylight,Rain,Wet,Rural,Evening,4,1,1,Car,Turning right,Female,65+,Urban area,Auto traffic signal,Previous accident,,Central island,51.8521088116231,0.291333451066818
ACC02004,3,54.9697936629041,Darkness - lights unlit,Snow,Icy,Rural,Evening,28,1,3,Motorcycle,Overtaking,Female,56-65,Rural area,Not at junction,Previous accident,Skidded,Kerb,52.1099888466926,-0.526256609342763
ACC02005,2,7.49864687261352,Daylight,Fine,Dry,Rural,Night,6,1,1,Truck,Slowing or stopping,Male,46-55,Rural area,Auto traffic signal,Previous accident,Overturned,,52.1267652468388,-0.205614048293172
ACC02006,1,4.75943871461532,Daylight,Fine,Wet,Urban,Afternoon,1,3,1,Car,Turning right,Male,26-35,Urban area,Auto traffic signal,Pedestrian in carriageway,,,51.7945825691248,-0.273038411520521
ACC02007,3,61.8066186735382,Darkness - lights unlit,Rain,Wet,Rural,Afternoon,9,6,3,Bus,Turning right,Male,46-55,Rural area,Uncontrolled,Pedestrian in carriageway,Skidded,Other object,52.6137353439675,0.003093641554228
ACC02008,2,32.6834361865516,Darkness,Rain,Dry,Urban,Evening,16,2,1,Motorcycle,Turning right,Male,36-45,Urban area,Give way,Parked vehicle,,Central island,51.6719972465161,0.392369607518203
ACC02009,2,33.3709509468146,Darkness,Fine,Wet,Urban,Night,9,2,2,Van,Turning right,Female,36-45,Urban area,Give way,Pedestrian in carriageway,,Central island,52.306849148744,0.256388908103746
ACC02010,3,36.25709467344,Darkness - lights unlit,Rain,Wet,Rural,Early Morning,2,6,8,Truck,Turning right,Female,56-65,Rural area,Uncontrolled,Pedestrian in carriageway,Skidded,Kerb,51.6319290964403,0.192785661414282
ACC02011,2,12.938881379021,Darkness,Rain,Wet,Urban,Evening,19,4,1,Motorcycle,Turning right,Male,46-55,Rural area,Not at junction,,,Central island,51.0453783695977,-0.266949048407638
ACC02012,1,4.43224724266077,Daylight,Fine,Dry,Urban,Morning,7,1,1,Bus,Turning right,Male,26-35,Urban area,Auto traffic signal,,,,52.5884239251073,-0.122578697208737
ACC02013,3,64.2330188049645,Daylight,Rain,Icy,Rural,Night,3,2,3,Bus,Overtaking,Female,46-55,Urban area,Uncontrolled,Previous accident,Skidded,Kerb,52.0882160462916,-0.51815773649866
ACC02014,2,23.7779807865422,Daylight,Rain,Wet,Urban,Night,5,5,1,Truck,Turning right,Male,36-45,Urban area,Auto traffic signal,,Skidded,Central island,51.7052415486767,-0.105372170575785
ACC02015,2,32.323790759744,Darkness,Rain,Wet,Rural,Night,28,1,2,Motorcycle,Slowing or stopping,Male,46-55,Rural area,Give way,Pedestrian in carriageway,Skidded,Central island,52.0468426582662,0.448042486868666
ACC02016,2,66.5502138870642,Daylight,Fine,Snow,Rural,Night,10,1,1,Truck,Turning right,Female,36-45,Urban area,Give way,Previous accident,,,51.9363017348327,0.131037370809944
ACC02017,3,46.6065704966796,Darkness,Snow,Wet,Rural,Early Morning,3,2,3,Bus,Turning right,Male,46-55,Urban area,Uncontrolled,Pedestrian in carriageway,Overturned,Kerb,51.0224928203323,-0.269878122612244
ACC02018,2,35.9920218709345,Darkness,Fine,Wet,Urban,Evening,11,5,1,Car,Turning right,Male,36-45,Urban area,Uncontrolled,Parked vehicle,,,52.630850637664,-0.419804970046253
ACC02019,2,26.3040429377749,Darkness,Rain,Snow,Rural,Night,14,3,1,Truck,Turning right,Female,36-45,Rural area,Not at junction,,Skidded,Central island,52.2419521375257,0.0482722157456025
ACC02020,1,-6.69860916749518,Daylight,Fine,Dry,Urban,Afternoon,17,1,1,Car,Going ahead,Female,36-45,Urban area,Give way,Parked vehicle,,,51.6618025438714,0.342897182698628
ACC02021,3,67.4258376263641,Darkness - lights unlit,Mist,Icy,Rural,Afternoon,14,6,4,Truck,Overtaking,Male,46-55,Rural area,Uncontrolled,Previous accident,Skidded,Other object,51.8279280264977,0.305262424195165
ACC02022,2,43.4987266454746,Daylight,Rain,Wet,Urban,Early Morning,13,4,4,Truck,Turning right,Female,46-55,Rural area,Uncontrolled,Previous accident,Skidded,Central island,51.0379863874027,-0.251808495531545
ACC02023,1,45.7806241266044,Darkness - lights unlit,Mist,Wet,Urban,Morning,6,1,1,Car,Turning right,Female,36-45,Rural area,Give way,,,Central island,52.0051682407664,0.264216779888255
ACC02024,1,52.2192752971412,Daylight,Fine,Dry,Urban,Afternoon,5,2,1,Van,Turning right,Female,26-35,Urban area,Auto traffic signal,,,,52.2764808152456,-0.482435384595782
ACC02025,1,36.454430474244,Daylight,Fine,Dry,Urban,Afternoon,11,1,1,Motorcycle,Going ahead,Male,36-45,Urban area,Give way,,,Kerb,52.0767814523384,0.496366539238275
ACC02026,3,75.4993625332242,Darkness - lights unlit,Rain,Wet,Rural,Morning,22,3,3,Truck,Overtaking,Male,56-65,Rural area,Uncontrolled,Pedestrian in carriageway,Skidded,Other object,52.5030345375901,-0.486812492582194
ACC02027,1,32.2929465183312,Daylight,Fine,Wet,Urban,Afternoon,9,3,1,Bus,Slowing or stopping,Male,26-35,Urban area,Give way,,,,52.4856131318563,0.460924319290893
ACC02028,1,55.8587992501967,Daylight,Mist,Dry,Urban,Afternoon,15,1,1,Car,Turning right,Male,36-45,Urban area,Give way,,,,51.1077374498037,-0.382782461154069
ACC02029,1,11.7736675297977,Daylight,Mist,Dry,Urban,Morning,1,1,1,Bus,Going ahead,Male,36-45,Urban area,Give way,Pedestrian in carriageway,,,52.2945680739197,-0.361586219900147
ACC02030,2,40.0162317588625,Darkness,Snow,Wet,Rural,Evening,1,7,1,Truck,Turning right,Male,46-55,Urban area,Give way,Previous accident,,,51.3859541182799,-0.413785168699932
ACC02031,1,8.69556678579497,Daylight,Fine,Wet,Urban,Afternoon,4,2,3,Motorcycle,Turning right,Male,26-35,Urban area,Give way,Previous accident,Skidded,,52.3984209531214,-0.567029051140054
ACC02032,3,62.1998187314157,Street lights,Rain,Icy,Rural,Night,17,8,4,Truck,Overtaking,Female,26-35,Rural area,Not at junction,Parked vehicle,Skidded,Kerb,51.5068229109405,-0.452116983479391
ACC02033,1,-2.12871712937266,Daylight,Fine,Dry,Urban,Evening,1,1,1,Car,Going ahead,Female,36-45,Urban area,Give way,Parked vehicle,,,51.0627078105027,-0.563476580329497
ACC02034,1,24.5318924908862,Daylight,Fine,Dry,Urban,Morning,2,1,3,Car,Turning right,Female,36-45,Urban area,Auto traffic signal,Previous accident,,,51.4758876248081,0.474891602643449
ACC02035,2,89.4823363431987,Darkness,Fine,Wet,Rural,Evening,4,3,1,Motorcycle,Slowing or stopping,Female,36-45,Urban area,Give way,Previous accident,Skidded,Central island,51.0941642410356,0.39644662017178
ACC02036,3,58.8269359450495,Darkness,Snow,Icy,Urban,Early Morning,25,3,1,Truck,Turning right,Female,46-55,Rural area,Uncontrolled,Previous accident,Skidded,Other object,52.207566084951,-0.284429912427314
ACC02037,3,55.1532066948183,Darkness,Snow,Wet,Rural,Night,3,6,2,Motorcycle,Overtaking,Male,56-65,Rural area,Not at junction,Previous accident,Overturned,Other object,51.993272468008,-0.14805757231314
ACC02038,2,67.3340609746224,Darkness,Rain,Dry,Rural,Night,10,3,1,Car,Slowing or stopping,Male,46-55,Urban area,Uncontrolled,Pedestrian in carriageway,,Central island,52.3757781494314,-0.314669231837058
ACC02039,2,30.8921017105647,Darkness,Fine,Snow,Rural,Night,18,4,4,Car,Slowing or stopping,Male,36-45,Rural area,Auto traffic signal,,,Central island,52.0121347231331,-0.55805522449938
ACC02040,1,44.4424211832142,Daylight,Fine,Dry,Urban,Afternoon,1,1,1,Motorcycle,Turning right,Male,26-35,Urban area,Give way,Parked vehicle,,,52.2443897010794,0.366492984990674
ACC02041,2,37.8715234759835,Darkness,Fine,Dry,Urban,Night,1,3,1,Truck,Turning right,Female,46-55,Urban area,Give way,,,Other object,51.3870672640803,-0.417770515775946
ACC02042,2,47.5105149948469,Daylight,Fine,Wet,Rural,Morning,1,3,2,Motorcycle,Turning right,Female,36-45,Rural area,Uncontrolled,Previous accident,,Central island,51.2436031854326,0.46615959699382
ACC02043,1,-9.55434978017151,Darkness,Fine,Dry,Urban,Morning,1,1,3,Van,Slowing or stopping,Male,26-35,Urban area,Give way,,Skidded,,51.2500249175794,-0.336901885362482
ACC02044,3,71.839105732593,Darkness,Rain,Icy,Rural,Night,18,2,1,Bus,Overtaking,Female,65+,Rural area,Not at junction,Previous accident,Skidded,Kerb,51.5283377377752,0.102377382194639
ACC02045,1,7.84342514125186,Street lights,Fine,Dry,Urban,Afternoon,1,3,1,Van,Turning right,Male,36-45,Urban area,Not at junction,,Skidded,,51.1663180731067,-0.0010619922430654
ACC02046,2,32.1011959710194,Daylight,Fine,Snow,Rural,Night,27,1,4,Truck,Slowing or stopping,Female,46-55,Urban area,Give way,Previous accident,Skidded,,51.3276784177016,0.0618370239399532
ACC02047,2,38.6414692094156,Daylight,Rain,Dry,Urban,Early Morning,1,2,1,Car,Slowing or stopping,Female,46-55,Rural area,Uncontrolled,,,,52.4755896866714,0.310004650359133
ACC02048,1,35.407187465365,Daylight,Fog,Dry,Urban,Night,1,2,1,Van,Turning right,Female,36-45,Urban area,Auto traffic signal,,Skidded,,51.0381978241442,-0.418823011224475
ACC02049,1,14.3161618043492,Daylight,Fine,Dry,Urban,Afternoon,4,2,1,Van,Turning right,Male,26-35,Urban area,Auto traffic signal,Pedestrian in carriageway,,,52.2593066501822,0.0438898008364274
ACC02050,3,85.0831892031421,Darkness - lights unlit,Rain,Wet,Rural,Night,16,6,3,Truck,Overtaking,Female,26-35,Urban area,Not at junction,Previous accident,Overturned,Other object,51.5641681377367,0.437809006344509
ACC02051,2,60.1443999468115,Darkness,Snow,Snow,Urban,Evening,24,4,1,Van,Turning right,Female,26-35,Rural area,Give way,,,Central island,51.4839141689391,-0.424235881675073
ACC02052,1,2.56203160199624,Daylight,Rain,Dry,Urban,Night,1,4,1,Car,Overtaking,Female,36-45,Urban area,Give way,,Overturned,,52.3771927709546,-0.0157135191988647
ACC02053,1,55.2493357038827,Daylight,Fine,Dry,Rural,Afternoon,1,1,1,Motorcycle,Going ahead,Male,26-35,Urban area,Give way,,,,51.4906719405084,-0.352922826971763
ACC02054,3,63.4036687820163,Darkness,Fog,Wet,Rural,Early Morning,19,2,4,Bus,Turning right,Female,65+,Urban area,Not at junction,Pedestrian in carriageway,Skidded,Kerb,51.0340395567371,0.0986507529274091
ACC02055,1,24.7166984161071,Daylight,Snow,Wet,Urban,Evening,16,1,1,Van,Going ahead,Female,46-55,Urban area,Give way,Previous accident,,Central island,51.0262762480991,-0.456038973209815
ACC02056,3,91.1109261431223,Darkness - lights unlit,Mist,Wet,Rural,Night,1,5,2,Bus,Turning right,Female,65+,Rural area,Uncontrolled,Pedestrian in carriageway,Overturned,Other object,51.1505820218809,0.384429523981925
ACC02057,1,33.0979077286504,Daylight,Fine,Dry,Rural,Afternoon,5,1,1,Van,Going ahead,Female,36-45,Urban area,Give way,,,Kerb,51.1254541600502,0.203715561263171
ACC02058,2,54.2839481075277,Darkness,Rain,Dry,Rural,Evening,31,5,3,Motorcycle,Turning right,Female,36-45,Rural area,Give way,,,Central island,52.052168005599,0.155388325565334
ACC02059,3,64.2807588944259,Darkness - lights unlit,Rain,Icy,Urban,Early Morning,5,2,2,Bus,Going ahead,Male,65+,Urban area,Uncontrolled,Previous accident,Skidded,Other object,51.8384133388903,-0.397699510536856
ACC02060,3,74.3905227500567,Darkness,Rain,Icy,Rural,Night,13,3,1,Motorcycle,Overtaking,Male,46-55,Urban area,Not at junction,Pedestrian in carriageway,Skidded,Other object,52.5800547825584,-0.570279740156566
ACC02061,1,11.4932865727385,Daylight,Mist,Dry,Urban,Morning,16,1,1,Motorcycle,Turning right,Male,36-45,Rural area,Give way,Pedestrian in carriageway,Overturned,Central island,52.5654312004495,0.106821719488711
ACC02062,2,89.0779419045064,Darkness,Fine,Wet,Rural,Night,11,4,1,Motorcycle,Turning right,Male,36-45,Urban area,Give way,Previous accident,,,51.8349355106829,-0.407146153783541
ACC02063,3,-1.5116557783896,Darkness,Fog,Wet,Rural,Night,8,3,1,Truck,Overtaking,Female,46-55,Rural area,Not at junction,Pedestrian in carriageway,Skidded,Other object,52.3725791998086,-0.329071796205924
ACC02064,3,55.4885903670467,Daylight,Rain,Wet,Rural,Afternoon,18,1,4,Truck,Turning right,Female,56-65,Rural area,Uncontrolled,Pedestrian in carriageway,Skidded,Other object,51.7038401344317,-0.37166339606019
ACC02065,2,40.2249387245446,Darkness - lights unlit,Fine,Dry,Urban,Night,2,3,1,Motorcycle,Slowing or stopping,Male,36-45,Rural area,Give way,Parked vehicle,,,52.4659189021803,0.29966146994952
ACC02066,3,88.1682558161623,Darkness,Snow,Snow,Rural,Early Morning,1,7,1,Bus,Turning right,Male,65+,Urban area,Not at junction,Previous accident,Skidded,Other object,52.3346156974446,0.348950103967959
ACC02067,1,1.78053729429663,Daylight,Fine,Dry,Urban,Morning,14,4,5,Motorcycle,Turning right,Male,36-45,Urban area,Auto traffic signal,Pedestrian in carriageway,,Other object,51.5005631165183,-0.0282486565883804
ACC02068,1,16.4881952661088,Daylight,Fine,Dry,Urban,Morning,15,7,1,Motorcycle,Going ahead,Male,36-45,Urban area,Give way,,,,51.6088766206558,0.0668782315260753
ACC02069,1,55.7377602755531,Daylight,Fine,Dry,Urban,Morning,25,1,1,Motorcycle,Going ahead,Female,36-45,Urban area,Give way,Parked vehicle,,,51.7465293445694,0.360655207446889
ACC02070,1,15.6425486290037,Daylight,Fine,Dry,Urban,Afternoon,16,3,3,Car,Turning right,Female,36-45,Urban area,Auto traffic signal,,,Central island,51.7462514151996,0.0276707213027127
ACC02071,1,17.2608106759622,Daylight,Fine,Wet,Urban,Afternoon,3,2,3,Motorcycle,Turning right,Male,26-35,Urban area,Auto traffic signal,Parked vehicle,Skidded,,51.8429887496339,0.445584157844824
ACC02072,2,36.638826717172,Daylight,Snow,Icy,Urban,Evening,1,2,1,Truck,Overtaking,Female,46-55,Urban area,Give way,Previous accident,Skidded,Central island,51.1702435891552,-0.508059555799609
ACC02073,3,58.0403547004013,Darkness,Rain,Icy,Rural,Early Morning,28,1,3,Bus,Overtaking,Male,56-65,Urban area,Give way,Previous accident,Overturned,Kerb,51.792934746074,-0.554456854897304
ACC02074,1,40.7349047933453,Street lights,Snow,Dry,Urban,Afternoon,13,4,1,Motorcycle,Turning right,Male,26-35,Urban area,Auto traffic signal,,,,51.3117876667508,0.359027880519755
ACC02075,3,51.4893985854379,Darkness,Rain,Wet,Rural,Early Morning,26,1,8,Bus,Turning right,Female,46-55,Rural area,Uncontrolled,Previous accident,Skidded,Kerb,52.3787730011068,0.114804268164607
ACC02076,3,79.3525277718731,Darkness - lights unlit,Rain,Wet,Rural,Night,21,8,1,Bus,Turning right,Female,46-55,Urban area,Uncontrolled,Previous accident,Skidded,Other object,51.0380653278446,-0.5263393411811
ACC02077,3,70.5875025583331,Darkness,Rain,Icy,Rural,Evening,23,2,3,Bus,Overtaking,Female,65+,Rural area,Uncontrolled,Previous accident,Overturned,Other object,52.2168333155752,-0.528528663273127
ACC02078,1,16.3130919174906,Daylight,Fine,Dry,Urban,Afternoon,1,1,1,Van,Slowing or stopping,Male,36-45,Urban area,Auto traffic signal,,,,51.9275485418371,0.0381896061500656
ACC02079,1,31.3177222934166,Daylight,Mist,Dry,Urban,Morning,1,2,1,Motorcycle,Turning right,Female,26-35,Urban area,Give way,,Skidded,,52.5719791510736,-0.229414629051782
ACC02080,2,22.2186224652142,Daylight,Snow,Wet,Urban,Night,6,1,1,Motorcycle,Slowing or stopping,Male,36-45,Urban area,Auto traffic signal,Parked vehicle,,,51.768414089578,-0.0373333503084524
ACC02081,2,66.7353401930995,Daylight,Rain,Dry,Rural,Night,18,2,1,Car,Slowing or stopping,Male,36-45,Rural area,Uncontrolled,Parked vehicle,,,51.9380431080852,0.463078291092752
ACC02082,1,49.0444155333097,Daylight,Fine,Icy,Rural,Evening,1,1,1,Motorcycle,Going ahead,Male,46-55,Urban area,Auto traffic signal,,Overturned,,52.6246075469906,0.0677985365906295
ACC02083,2,47.2007185913397,Daylight,Rain,Wet,Rural,Morning,19,5,3,Car,Turning right,Female,46-55,Rural area,Give way,Parked vehicle,,,51.0287798991234,0.2704756764216
ACC02084,3,78.7712815119153,Darkness - lights unlit,Snow,Wet,Urban,Night,15,1,2,Truck,Turning right,Male,46-55,Rural area,Not at junction,Pedestrian in carriageway,Overturned,Kerb,51.8906235950677,-0.375848187669958
ACC02085,1,77.7755956752994,Street lights,Fine,Dry,Urban,Morning,30,1,1,Van,Going ahead,Male,36-45,Urban area,Auto traffic signal,,,,52.4850836609815,-0.0633605516810013
ACC02086,2,16.2907273658668,Darkness,Rain,Dry,Urban,Evening,32,2,3,Motorcycle,Overtaking,Female,36-45,Rural area,Give way,Parked vehicle,,Kerb,51.3168892039158,-0.115759129731898
ACC02087,1,47.6911001012742,Daylight,Fine,Dry,Urban,Afternoon,3,1,5,Van,Turning right,Female,26-35,Urban area,Give way,,,,52.5343399413553,0.459219562761338
ACC02088,1,28.2847101727114,Daylight,Fine,Dry,Urban,Afternoon,1,1,1,Van,Turning right,Male,26-35,Urban area,Give way,,,,51.2918547859421,-0.103636721400913
ACC02089,3,65.6773248532472,Darkness,Rain,Icy,Rural,Night,16,5,2,Motorcycle,Turning right,Male,56-65,Urban area,Uncontrolled,Pedestrian in carriageway,Skidded,Kerb,52.2844070083769,0.136667126020906
ACC02090,2,35.4074885155097,Daylight,Rain,Wet,Urban,Night,1,1,2,Truck,Turning right,Female,46-55,Urban area,Give way,Previous accident,Skidded,,51.2220607436778,-0.0211989088846535
ACC02091,1,57.1834354534755,Daylight,Fog,Dry,Rural,Morning,1,2,1,Motorcycle,Turning right,Male,36-45,Urban area,Auto traffic signal,,,,51.2376130402647,0.198577900983825
ACC02092,1,25.8156998424808,Daylight,Fine,Dry,Urban,Afternoon,1,1,1,Car,Going ahead,Male,56-65,Urban area,Auto traffic signal,Pedestrian in carriageway,,,51.5887881904221,-0.571183620614729
ACC02093,2,68.8760142887923,Daylight,Fine,Icy,Rural,Morning,7,1,1,Motorcycle,Turning right,Female,46-55,Urban area,Auto traffic signal,,,Central island,52.0208038675255,-0.142969704630436
ACC02094,1,43.3593904454695,Daylight,Fine,Snow,Urban,Afternoon,11,2,1,Car,Going ahead,Female,36-45,Urban area,Auto traffic signal,,,,51.8819440569637,-0.0512230312035082
ACC02095,1,26.0089656785199,Daylight,Fine,Dry,Rural,Morning,5,4,3,Van,Turning right,Female,26-35,Urban area,Give way,,Skidded,,51.062361444914,0.263518198220763
ACC02096,1,5.55977624840736,Daylight,Mist,Dry,Urban,Afternoon,1,5,1,Bus,Going ahead,Male,36-45,Urban area,Auto traffic signal,,,,51.078204491437,0.238513648254277
ACC02097,1,61.0861423200606,Daylight,Fine,Dry,Urban,Afternoon,3,1,1,Motorcycle,Turning right,Female,36-45,Urban area,Give way,,,,52.6838587414011,-0.300113599193113
ACC02098,3,57.6141415794526,Street lights,Snow,Wet,Rural,Early Morning,5,1,2,Truck,Turning right,Female,56-65,Urban area,Auto traffic signal,Previous accident,Skidded,Other object,52.0397007523683,0.0651871689693697
ACC02099,2,46.6110474296185,Daylight,Fog,Wet,Urban,Evening,13,2,1,Motorcycle,Slowing or stopping,Male,36-45,Urban area,Give way,Parked vehicle,,,51.8514789207497,-0.401701310379786
ACC02100,3,34.5650935215466,Darkness,Rain,Wet,Urban,Afternoon,1,1,2,Motorcycle,Overtaking,Female,65+,Rural area,Not at junction,Pedestrian in carriageway,Skidded,Kerb,52.6222620193572,-0.463931035400777
ACC02101,1,71.4132308676948,Daylight,Fine,Dry,Urban,Afternoon,2,1,1,Motorcycle,Turning right,Male,26-35,Urban area,Uncontrolled,Parked vehicle,,Other object,52.2923873618125,0.331165772559306
ACC02102,1,-10.6778391393839,Daylight,Fine,Dry,Urban,Night,1,1,1,Motorcycle,Going ahead,Female,36-45,Rural area,Auto traffic signal,,Skidded,Kerb,51.535993574312,-0.563491709981331
ACC02103,2,33.7292727027062,Daylight,Snow,Wet,Urban,Evening,18,2,2,Motorcycle,Turning right,Male,36-45,Urban area,Auto traffic signal,Parked vehicle,,Central island,51.0634977791869,0.332949918233496
ACC02104,3,48.7568775494649,Darkness,Rain,Icy,Urban,Night,9,2,1,Truck,Overtaking,Male,65+,Rural area,Uncontrolled,Pedestrian in carriageway,Skidded,Kerb,51.1581906152593,-0.363249325535477
ACC02105,2,77.9102077643727,Darkness,Snow,Wet,Rural,Afternoon,1,1,1,Motorcycle,Turning right,Male,36-45,Rural area,Auto traffic signal,,,,52.5518597729395,-0.598431698883714
ACC02106,3,45.156556138919,Darkness - lights unlit,Rain,Icy,Urban,Night,21,1,2,Truck,Turning right,Male,56-65,Rural area,Uncontrolled,Previous accident,Overturned,Central island,52.3761673134917,0.464742142382907
ACC02107,3,70.5759672832153,Darkness,Fog,Icy,Urban,Early Morning,22,4,3,Motorcycle,Turning right,Male,46-55,Rural area,Uncontrolled,Previous accident,Overturned,Other object,52.5504340070516,-0.529961533627633
ACC02108,1,45.339204835786,Daylight,Fine,Icy,Urban,Afternoon,1,1,1,Car,Turning right,Male,36-45,Urban area,Give way,,Skidded,,51.3804899451985,0.0289495872531545
ACC02109,2,11.0991725884083,Daylight,Fine,Dry,Rural,Night,18,5,1,Motorcycle,Slowing or stopping,Female,36-45,Rural area,Give way,Parked vehicle,,,52.4320065391213,-0.080510193125263
ACC02110,3,80.5794381993765,Darkness,Rain,Icy,Rural,Early Morning,34,8,1,Motorcycle,Overtaking,Female,46-55,Rural area,Not at junction,Parked vehicle,Overturned,Kerb,51.472577757542,-0.421027027765136
ACC02111,2,39.6803608355236,Darkness,Mist,Wet,Urban,Night,1,7,3,Car,Slowing or stopping,Female,36-45,Urban area,Uncontrolled,Parked vehicle,,,52.1881770236069,0.0848499877367757
ACC02112,2,80.1528801558345,Daylight,Fine,Dry,Urban,Evening,1,1,2,Truck,Turning right,Male,46-55,Urban area,Give way,,Overturned,,51.3934422717878,0.457407166604125
ACC02113,3,82.2698987143064,Daylight,Fog,Dry,Urban,Early Morning,18,2,4,Van,Overtaking,Male,65+,Rural area,Auto traffic signal,Pedestrian in carriageway,Overturned,Kerb,51.8386144989701,0.414861368018827
ACC02114,1,24.7993818303688,Darkness - lights unlit,Fine,Dry,Urban,Morning,1,2,1,Car,Turning right,Female,26-35,Rural area,Give way,,,,51.8060955094485,-0.467770039092331