Accident_ID,Accident_Severity,Speed_limit,Light_Conditions,Weather_Conditions,Road_Surface_Conditions,Urban_or_Rural_Area,Time,Age_of_Vehicle,Number_of_Vehicles,Number_of_Casualties,Vehicle_Type,Vehicle_Manoeuvre,Sex_of_Driver,Age_Band_of_Driver,Driver_Home_Area_Type,Junction_Control,Carriageway_Hazards,Skidding_and_Overturning,Hit_Object_in_Carriageway,latitude,longitude
ACC02115,1,15.9773523977386,Daylight,Fine,Dry,Urban,Afternoon,2,1,1,Car,Going ahead,Male,36-45,Urban area,Give way,,Skidded,,51.4033234487446,-0.295489423041443
ACC02116,2,25.4071399724605,Darkness,Fine,Dry,Urban,Night,7,5,4,Truck,Slowing or stopping,Male,46-55,Urban area,Uncontrolled,Pedestrian in carriageway,Skidded,,51.3488976755265,0.313128602438935
ACC02117,3,85.5599249097681,Darkness,Mist,Icy,Rural,Early Morning,18,1,6,Bus,Overtaking,Female,26-35,Rural area,Not at junction,Previous accident,Skidded,Other object,52.1801466114065,-0.539484913508639
ACC02118,3,84.903949271518,Darkness,Fog,Wet,Rural,Early Morning,1,3,4,Bus,Turning right,Male,36-45,Urban area,Not at junction,Pedestrian in carriageway,Overturned,Kerb,51.5066626633551,-0.0002531387984895
ACC02119,2,36.5359029942147,Darkness,Snow,Snow,Urban,Night,1,5,2,Motorcycle,Slowing or stopping,Male,56-65,Urban area,Auto traffic signal,Previous accident,Overturned,Kerb,51.9997896697745,0.352351534591683
ACC02120,3,78.9433147091707,Darkness - lights unlit,Rain,Icy,Rural,Night,23,1,3,Car,Turning right,Female,46-55,Rural area,Not at junction,Pedestrian in carriageway,Overturned,Other object,51.3796495060283,-0.519092135748716
ACC02121,3,78.1318782587764,Darkness - lights unlit,Rain,Icy,Rural,Night,18,4,4,Bus,Overtaking,Male,46-55,Rural area,Uncontrolled,Pedestrian in carriageway,Skidded,Other object,52.503991648311,-0.139401477833918
ACC02122,1,43.3878363945496,Daylight,Fine,Dry,Urban,Afternoon,1,2,1,Car,Going ahead,Female,46-55,Urban area,Give way,,,,52.0818976991484,0.237126390037299
ACC02123,3,70.3565810938418,Darkness,Snow,Icy,Rural,Night,30,5,6,Motorcycle,Overtaking,Male,56-65,Urban area,Not at junction,Pedestrian in carriageway,Overturned,Other object,51.8507305520828,0.174431902986107
ACC02124,1,36.5803912774173,Daylight,Fine,Dry,Urban,Morning,14,1,1,Motorcycle,Turning right,Male,46-55,Urban area,Give way,,,,51.0281993091774,-0.10244988702987
ACC02125,1,1.34376387179394,Daylight,Fine,Dry,Urban,Morning,1,1,1,Motorcycle,Going ahead,Female,26-35,Urban area,Auto traffic signal,,,,52.2844369355232,0.276191020073794
ACC02126,3,73.8017164678638,Darkness,Rain,Icy,Rural,Night,16,1,7,Truck,Overtaking,Female,65+,Urban area,Not at junction,Parked vehicle,Skidded,Kerb,52.4903094303747,-0.170463901835095
ACC02127,3,90.1483735588955,Darkness,Rain,Icy,Rural,Night,1,4,3,Bus,Turning right,Male,56-65,Rural area,Not at junction,Previous accident,Skidded,Kerb,51.961305724078,-0.169777929480116
ACC02128,3,92.3144192565745,Darkness,Fog,Icy,Urban,Early Morning,19,4,2,Truck,Turning right,Female,56-65,Rural area,Not at junction,Previous accident,Skidded,Other object,52.5355566106406,0.168085849636827
ACC02129,3,92.2835566719065,Darkness - lights unlit,Snow,Snow,Rural,Night,4,3,8,Motorcycle,Overtaking,Female,65+,Rural area,Uncontrolled,Previous accident,Skidded,Other object,52.1108574320603,0.349592141841171
ACC02130,2,32.2815344329143,Daylight,Rain,Wet,Urban,Evening,10,3,3,Motorcycle,Slowing or stopping,Female,36-45,Urban area,Give way,Parked vehicle,Skidded,Central island,51.1164941789149,0.128003757788018
ACC02131,3,101.564946545622,Darkness - lights unlit,Snow,Wet,Rural,Early Morning,17,3,2,Motorcycle,Turning right,Male,46-55,Rural area,Not at junction,Pedestrian in carriageway,Skidded,Other object,51.3657279074636,-0.0873361798492785
ACC02132,3,105.3016933537,Darkness - lights unlit,Snow,Icy,Urban,Early Morning,27,6,1,Bus,Overtaking,Male,46-55,Urban area,Not at junction,Previous accident,Skidded,Kerb,52.5358535933664,-0.363137654496184
ACC02133,3,42.6896786551423,Darkness,Snow,Icy,Rural,Night,22,1,7,Bus,Turning right,Male,46-55,Rural area,Auto traffic signal,Pedestrian in carriageway,Overturned,Kerb,51.9930961131089,0.39358351547468
ACC02134,3,64.019530023594,Darkness,Rain,Dry,Rural,Early Morning,12,1,3,Bus,Overtaking,Female,65+,Rural area,Not at junction,Pedestrian in carriageway,Skidded,Other object,51.5773309042189,-0.230775264693987
ACC02135,3,73.7029718458661,Darkness - lights unlit,Snow,Wet,Rural,Early Morning,4,1,2,Bus,Overtaking,Female,56-65,Rural area,Not at junction,Pedestrian in carriageway,Skidded,Central island,51.3810585125036,0.0867308017628084
ACC02136,1,15.571188049871,Daylight,Fine,Dry,Urban,Afternoon,4,1,3,Car,Going ahead,Male,36-45,Urban area,Auto traffic signal,Previous accident,Skidded,,51.9171351970381,-0.265658958635204
ACC02137,2,41.6344524809504,Daylight,Rain,Dry,Rural,Evening,6,3,1,Motorcycle,Slowing or stopping,Male,36-45,Rural area,Auto traffic signal,Parked vehicle,,Other object,52.1305817910504,0.3488481654755
ACC02138,2,34.2344921144852,Darkness,Fog,Wet,Rural,Evening,7,4,1,Truck,Overtaking,Male,46-55,Rural area,Auto traffic signal,Previous accident,,,51.7505817840685,-0.226353718497852
ACC02139,3,85.7738293831403,Darkness,Rain,Dry,Urban,Night,14,1,3,Truck,Overtaking,Male,56-65,Rural area,Give way,Pedestrian in carriageway,Overturned,Other object,51.0590542304981,-0.209450019164723
ACC02140,1,38.5943675334232,Daylight,Fine,Dry,Urban,Evening,3,1,1,Motorcycle,Turning right,Female,26-35,Urban area,Auto traffic signal,Previous accident,,,52.1827727712739,-0.407166763406574
ACC02141,3,19.3893051317764,Daylight,Rain,Icy,Rural,Evening,1,2,3,Truck,Overtaking,Female,56-65,Urban area,Uncontrolled,Previous accident,Overturned,Kerb,52.3562225367684,-0.0109580918351073
ACC02142,3,77.2529408391299,Darkness,Fog,Icy,Rural,Morning,14,4,1,Bus,Overtaking,Male,56-65,Rural area,Uncontrolled,Previous accident,Skidded,Other object,52.5218263991792,-0.228657096440296
ACC02143,2,54.5925815824611,Daylight,Rain,Wet,Urban,Night,11,2,1,Motorcycle,Turning right,Female,46-55,Rural area,Give way,,,Central island,51.900120900045,-0.104316847276697
ACC02144,3,68.7384100321766,Darkness,Snow,Icy,Rural,Night,18,2,6,Bus,Turning right,Female,56-65,Rural area,Give way,Pedestrian in carriageway,Overturned,Central island,51.5826242206226,0.491504324769479
ACC02145,3,72.9575721778037,Darkness,Fog,Wet,Rural,Night,7,1,4,Motorcycle,Overtaking,Male,65+,Rural area,Not at junction,Pedestrian in carriageway,Overturned,Central island,52.0241265663221,0.104737845059229
ACC02146,3,63.0217056237163,Darkness - lights unlit,Rain,Icy,Rural,Night,11,4,2,Van,Going ahead,Male,56-65,Rural area,Uncontrolled,Pedestrian in carriageway,Skidded,Kerb,51.4048023022937,0.395222423991826
ACC02147,3,58.293603543364,Darkness,Rain,Wet,Urban,Early Morning,28,1,1,Bus,Turning right,Male,56-65,Rural area,Give way,Previous accident,Overturned,Other object,52.6283499771866,-0.431706846423757
ACC02148,1,89.3900078935572,Daylight,Fine,Dry,Urban,Afternoon,1,1,1,Van,Going ahead,Male,36-45,Urban area,Give way,,Overturned,,52.5223894884435,-0.552246213859699
ACC02149,1,14.3519448180832,Daylight,Fine,Icy,Urban,Morning,12,1,1,Car,Going ahead,Male,26-35,Urban area,Auto traffic signal,,,,51.9068838563598,0.0096491655452183
ACC02150,2,68.5589605026243,Daylight,Fine,Wet,Rural,Afternoon,4,5,1,Motorcycle,Overtaking,Female,46-55,Urban area,Not at junction,,Skidded,Central island,51.3475672545953,0.127542236430662
ACC02151,1,58.4669488353241,Daylight,Rain,Wet,Urban,Afternoon,1,1,1,Motorcycle,Going ahead,Female,65+,Rural area,Auto traffic signal,,,,51.7268197312095,0.355485484751172
ACC02152,2,40.8427903363733,Daylight,Fine,Dry,Urban,Evening,3,1,6,Truck,Turning right,Female,46-55,Rural area,Uncontrolled,Parked vehicle,Skidded,,52.0248360695368,-0.228308431647431
ACC02153,3,41.2721886342862,Darkness - lights unlit,Rain,Icy,Rural,Night,20,2,5,Bus,Turning right,Female,56-65,Rural area,Auto traffic signal,Previous accident,Skidded,Kerb,51.8432024311218,-0.416283470423999
ACC02154,3,67.8705136344751,Darkness,Fine,Wet,Rural,Night,7,6,7,Car,Turning right,Female,65+,Rural area,Not at junction,Pedestrian in carriageway,Skidded,Other object,51.2057517008985,0.129022457858876
ACC02155,2,63.945898570457,Daylight,Fine,Wet,Urban,Evening,1,2,3,Motorcycle,Slowing or stopping,Male,36-45,Rural area,Uncontrolled,Previous accident,,,52.5861252843217,-0.565780557393842
ACC02156,2,36.1356507173341,Daylight,Mist,Dry,Urban,Evening,1,4,1,Motorcycle,Turning right,Female,36-45,Rural area,Give way,,Skidded,,51.4849482253006,0.139477750081635
ACC02157,3,106.317056473707,Darkness - lights unlit,Rain,Wet,Rural,Afternoon,28,6,4,Bus,Turning right,Male,56-65,Urban area,Not at junction,Pedestrian in carriageway,Overturned,Other object,52.4497229064854,0.143501804982579
ACC02158,1,28.2470859032708,Daylight,Mist,Wet,Urban,Evening,7,1,3,Motorcycle,Going ahead,Male,36-45,Rural area,Give way,Parked vehicle,Overturned,,51.087513877125,-0.454012670552634
ACC02159,1,28.7323482514745,Daylight,Fine,Dry,Urban,Early Morning,7,2,1,Motorcycle,Turning right,Male,56-65,Urban area,Auto traffic signal,,,,52.0071047670655,0.479304795830166
ACC02160,3,87.6336291800596,Darkness,Rain,Icy,Rural,Early Morning,13,5,1,Car,Overtaking,Female,56-65,Rural area,Not at junction,Pedestrian in carriageway,Overturned,Kerb,52.6041235627109,0.474813454426461
ACC02161,3,26.6337729162932,Darkness,Rain,Icy,Rural,Early Morning,3,3,4,Bus,Turning right,Female,26-35,Rural area,Uncontrolled,Previous accident,Overturned,Kerb,52.1246576639589,0.210285887759879
ACC02162,1,28.7376170293128,Daylight,Fine,Dry,Urban,Afternoon,1,2,1,Van,Going ahead,Female,26-35,Urban area,Auto traffic signal,,,,51.8629376437636,0.122126468064653
ACC02163,2,47.3878358419049,Street lights,Mist,Dry,Rural,Evening,1,1,3,Car,Turning right,Male,26-35,Urban area,Auto traffic signal,Previous accident,,,51.1423310262852,0.317662272604704
ACC02164,2,49.7150473823796,Daylight,Snow,Wet,Urban,Evening,21,3,1,Truck,Slowing or stopping,Female,46-55,Rural area,Give way,Parked vehicle,,,51.3596896287698,-0.0683499562925212
ACC02165,3,49.8461515089535,Darkness,Rain,Icy,Rural,Night,14,3,1,Van,Turning right,Male,46-55,Rural area,Not at junction,Previous accident,Overturned,Kerb,52.4545822611315,0.211402873621476
ACC02166,2,13.5167167021723,Daylight,Rain,Wet,Rural,Evening,13,5,2,Van,Slowing or stopping,Female,56-65,Urban area,Give way,,,,51.7782832051439,-0.0178189049541748
ACC02167,1,68.2937203604627,Daylight,Fine,Dry,Rural,Morning,16,2,3,Van,Turning right,Female,26-35,Urban area,Auto traffic signal,Parked vehicle,Overturned,,51.0881000125981,0.437383421519178
ACC02168,2,77.2388532626679,Darkness,Fine,Icy,Urban,Evening,8,2,3,Car,Turning right,Male,36-45,Urban area,Give way,Previous accident,Overturned,Central island,52.2237115299749,-0.0385870527082515
ACC02169,1,-3.290228157416,Street lights,Fine,Dry,Rural,Morning,1,1,1,Van,Turning right,Male,36-45,Urban area,Give way,Parked vehicle,,,51.1890357199205,-0.512638694112115
ACC02170,2,63.4766730057981,Daylight,Fine,Dry,Rural,Night,8,1,2,Car,Slowing or stopping,Female,56-65,Rural area,Uncontrolled,Parked vehicle,,Central island,51.5186856233605,0.299192415557649
ACC02171,3,57.2982391791595,Darkness,Rain,Icy,Rural,Early Morning,30,4,4,Bus,Turning right,Male,56-65,Rural area,Uncontrolled,Parked vehicle,Overturned,Kerb,52.4627082396883,0.446204823661497
ACC02172,1,31.1892759387268,Street lights,Fine,Wet,Urban,Night,1,1,1,Motorcycle,Slowing or stopping,Male,46-55,Rural area,Give way,Pedestrian in carriageway,,,52.1736712086699,-0.586667147891717
ACC02173,1,25.6119865036916,Darkness - lights unlit,Fine,Wet,Urban,Morning,6,5,3,Motorcycle,Going ahead,Female,56-65,Urban area,Give way,Previous accident,Skidded,,51.3170814676798,-0.511873668976857
ACC02174,1,-9.14514224615839,Street lights,Fine,Dry,Urban,Night,13,1,1,Van,Going ahead,Female,26-35,Urban area,Auto traffic signal,Parked vehicle,Overturned,,51.2792518564827,0.32477333081232
ACC02175,3,86.0405987054191,Street lights,Fog,Wet,Rural,Early Morning,21,5,7,Motorcycle,Overtaking,Male,65+,Rural area,Uncontrolled,Pedestrian in carriageway,Skidded,Other object,52.4096938776746,-0.021822842727955
ACC02176,3,48.9605522446305,Darkness,Rain,Icy,Rural,Early Morning,28,5,3,Bus,Turning right,Female,65+,Rural area,Not at junction,Previous accident,Skidded,Other object,51.6560369799788,0.0304526320357436
ACC02177,2,-1.92743062235739,Daylight,Fine,Wet,Urban,Early Morning,1,3,2,Truck,Going ahead,Female,46-55,Rural area,Give way,Parked vehicle,,,52.3977109398885,0.141028661882778
ACC02178,2,43.9840518526085,Darkness - lights unlit,Snow,Dry,Urban,Evening,23,1,1,Truck,Slowing or stopping,Male,36-45,Rural area,Give way,Parked vehicle,Skidded,,52.3602690023302,0.275300486466822
ACC02179,1,-11.2637869157632,Daylight,Fog,Dry,Urban,Morning,1,2,1,Van,Going ahead,Male,36-45,Urban area,Auto traffic signal,,,,51.2190955272481,-0.263121017134727
ACC02180,2,62.8954612428857,Street lights,Rain,Dry,Urban,Early Morning,1,1,1,Truck,Turning right,Female,46-55,Urban area,Auto traffic signal,,,,51.802133057224,0.341764529855536
ACC02181,2,34.1796889231895,Daylight,Rain,Wet,Urban,Evening,6,1,2,Car,Slowing or stopping,Female,46-55,Rural area,Auto traffic signal,Previous accident,,Central island,51.0563268857285,-0.0030747896497754
ACC02182,3,61.5784920226625,Darkness,Snow,Wet,Urban,Night,7,2,1,Car,Turning right,Male,56-65,Urban area,Not at junction,Previous accident,Skidded,Other object,52.0114262549491,-0.196041175758188
ACC02183,3,80.3936354969698,Darkness,Fog,Wet,Urban,Night,8,2,4,Truck,Going ahead,Male,46-55,Rural area,Not at junction,Previous accident,Skidded,Other object,52.0322614245889,0.354399136050655
ACC02184,2,32.0987187877148,Daylight,Fine,Wet,Urban,Evening,1,3,1,Motorcycle,Slowing or stopping,Female,46-55,Urban area,Auto traffic signal,,Overturned,,52.442879193337,-0.322021354319963
ACC02185,2,28.1794062582582,Daylight,Rain,Wet,Urban,Morning,9,1,3,Truck,Turning right,Male,36-45,Rural area,Auto traffic signal,Previous accident,Skidded,,51.0866558608458,-0.364906731895781
ACC02186,2,72.5916106574744,Daylight,Rain,Dry,Rural,Evening,7,1,1,Motorcycle,Slowing or stopping,Male,36-45,Rural area,Auto traffic signal,,Skidded,Central island,51.0908083422887,0.476046035439512
ACC02187,3,57.8289075674814,Darkness - lights unlit,Rain,Wet,Rural,Early Morning,34,6,2,Bus,Overtaking,Female,36-45,Rural area,Auto traffic signal,Pedestrian in carriageway,Overturned,Kerb,52.1687467473858,-0.475324696850366
ACC02188,2,17.5161896855821,Darkness,Rain,Wet,Urban,Evening,9,1,1,Motorcycle,Slowing or stopping,Female,36-45,Urban area,Auto traffic signal,Previous accident,,Central island,51.593750339941,-0.0320517821727128
ACC02189,3,77.0956213986304,Darkness,Rain,Snow,Rural,Early Morning,15,2,3,Van,Overtaking,Female,65+,Rural area,Not at junction,Previous accident,Skidded,Other object,51.764000449804,0.473384862230389
ACC02190,1,28.3898026211097,Daylight,Fine,Wet,Urban,Early Morning,5,2,3,Van,Going ahead,Male,26-35,Urban area,Auto traffic signal,,,,52.677287283452,0.486564072236376
ACC02191,2,29.5409364036222,Daylight,Rain,Wet,Urban,Evening,18,1,1,Truck,Turning right,Female,36-45,Rural area,Uncontrolled,Previous accident,Skidded,,51.2004407300945,0.0505481541888053
ACC02192,2,42.5150112006231,Daylight,Snow,Wet,Rural,Evening,10,4,1,Car,Slowing or stopping,Female,46-55,Urban area,Uncontrolled,Parked vehicle,,,52.4260978368587,0.0123652379029386
ACC02193,3,61.1195656907954,Darkness - lights unlit,Rain,Icy,Rural,Night,26,1,3,Truck,Turning right,Male,65+,Urban area,Not at junction,Previous accident,Skidded,Kerb,52.674065926814,-0.580754068211955
ACC02194,2,59.1497105447052,Darkness,Rain,Dry,Urban,Night,16,3,3,Truck,Slowing or stopping,Male,36-45,Rural area,Auto traffic signal,,,Central island,51.8251339217876,0.489797560772366
ACC02195,1,3.97905834516658,Daylight,Fine,Dry,Urban,Morning,2,3,3,Van,Turning right,Female,36-45,Urban area,Auto traffic signal,,,,51.4773130161495,0.0522459365784202
ACC02196,1,-21.6162795402767,Daylight,Fine,Dry,Urban,Morning,10,1,3,Van,Turning right,Female,36-45,Urban area,Auto traffic signal,Parked vehicle,,,52.0100222160986,-0.0533401688035866
ACC02197,1,20.0117597459519,Daylight,Fine,Snow,Urban,Morning,15,1,1,Motorcycle,Turning right,Male,26-35,Rural area,Give way,,,,52.4912409193823,-0.272696703549297
ACC02198,3,86.6369270716588,Darkness - lights unlit,Fog,Wet,Rural,Early Morning,20,6,3,Motorcycle,Overtaking,Female,46-55,Urban area,Uncontrolled,Pedestrian in carriageway,Overturned,Kerb,51.9858313445767,-0.347573695925145
ACC02199,2,8.71617136479365,Daylight,Snow,Wet,Urban,Night,18,1,1,Motorcycle,Turning right,Male,36-45,Urban area,Give way,Previous accident,Skidded,Central island,52.5602525643882,-0.129963352442061
ACC02200,1,27.2906187589793,Street lights,Fine,Dry,Urban,Afternoon,1,1,5,Van,Going ahead,Male,26-35,Urban area,Auto traffic signal,,,,51.3091961434786,0.375264636764514
ACC02201,2,21.8673625193593,Daylight,Rain,Dry,Urban,Night,13,5,1,Car,Slowing or stopping,Female,46-55,Urban area,Auto traffic signal,Parked vehicle,,Other object,52.2934127510331,-0.332209802568381
ACC02202,2,56.8751992573696,Darkness,Rain,Dry,Urban,Evening,7,1,2,Truck,Turning right,Female,46-55,Rural area,Uncontrolled,Parked vehicle,Overturned,Central island,52.314335743905,-0.0761439051311213
ACC02203,2,50.2157762545785,Daylight,Fog,Wet,Rural,Night,14,7,4,Car,Slowing or stopping,Male,46-55,Urban area,Auto traffic signal,Parked vehicle,Skidded,Central island,51.5538058033937,-0.472561945295859
ACC02204,3,42.4027819316533,Darkness - lights unlit,Rain,Icy,Rural,Early Morning,25,6,6,Motorcycle,Overtaking,Male,65+,Urban area,Uncontrolled,Pedestrian in carriageway,Overturned,Other object,51.9292829319513,0.192977776758414
ACC02205,3,37.9293792176812,Darkness,Fog,Icy,Rural,Night,13,7,2,Motorcycle,Overtaking,Male,46-55,Urban area,Not at junction,Pedestrian in carriageway,Overturned,Other object,51.0386139891244,-0.449350941891154
ACC02206,1,83.6215715764824,Daylight,Fog,Dry,Urban,Afternoon,7,1,1,Motorcycle,Going ahead,Male,26-35,Urban area,Auto traffic signal,,Overturned,,51.7164217360073,0.178618606952746
ACC02207,3,116.104887469043,Darkness - lights unlit,Fog,Wet,Rural,Early Morning,15,5,8,Truck,Overtaking,Female,46-55,Rural area,Uncontrolled,Pedestrian in carriageway,Skidded,Kerb,51.4003173526063,-0.587000930643968
ACC02208,2,18.4187028992975,Darkness,Rain,Icy,Urban,Early Morning,17,1,1,Motorcycle,Slowing or stopping,Male,56-65,Rural area,Uncontrolled,Previous accident,,Central island,51.2011509241053,-0.122047036908765
ACC02209,3,37.9477164842422,Darkness,Mist,Icy,Urban,Night,28,2,3,Truck,Turning right,Female,56-65,Rural area,Not at junction,Previous accident,Overturned,Central island,52.1635668773956,0.0415482168607282
ACC02210,3,61.5816649932045,Darkness - lights unlit,Rain,Icy,Rural,Night,17,4,6,Truck,Turning right,Female,56-65,Rural area,Not at junction,Previous accident,Overturned,Other object,51.2932925920081,-0.39968312132891
ACC02211,3,62.2878512122514,Darkness,Fog,Wet,Rural,Evening,25,6,3,Motorcycle,Overtaking,Male,56-65,Urban area,Uncontrolled,Previous accident,Skidded,Kerb,51.3127519932645,0.243283626078878
ACC02212,3,53.4783301524007,Daylight,Rain,Icy,Rural,Early Morning,1,4,2,Truck,Turning right,Male,46-55,Urban area,Auto traffic signal,Pedestrian in carriageway,Skidded,Kerb,51.2289912927921,0.449474306300363
ACC02213,3,75.6746673962061,Darkness,Fog,Icy,Urban,Early Morning,1,3,5,Car,Turning right,Female,56-65,Rural area,Not at junction,Previous accident,Overturned,Kerb,52.6710816565325,-0.262695964382773
ACC02214,1,68.3548615164053,Darkness,Fine,Dry,Urban,Morning,8,4,1,Car,Going ahead,Male,26-35,Urban area,Give way,,Overturned,,51.548001536457,0.110391893920727
ACC02215,3,97.2421277532278,Darkness - lights unlit,Rain,Icy,Rural,Afternoon,16,2,4,Van,Turning right,Male,65+,Rural area,Not at junction,Pedestrian in carriageway,Overturned,Kerb,52.6495553434834,-0.436310866489813
ACC02216,1,23.59488462359,Daylight,Rain,Dry,Urban,Afternoon,7,4,7,Car,Turning right,Male,26-35,Urban area,Auto traffic signal,Pedestrian in carriageway,Overturned,,52.5292767745668,0.199107886624305
ACC02217,2,54.4422774560459,Daylight,Rain,Dry,Rural,Night,5,2,1,Car,Turning right,Female,36-45,Rural area,Uncontrolled,Parked vehicle,,Central island,51.9784811136873,-0.272569043477754
ACC02218,2,13.0590937233388,Darkness,Rain,Wet,Urban,Afternoon,28,2,1,Car,Turning right,Female,46-55,Urban area,Auto traffic signal,Previous accident,,Central island,51.9995562222296,-0.484259678443993
ACC02219,1,22.7179977372781,Darkness - lights unlit,Fine,Dry,Urban,Afternoon,1,1,3,Motorcycle,Turning right,Male,26-35,Urban area,Give way,,,Kerb,52.4723086121507,0.0091824647836139
ACC02220,1,25.2670219005828,Daylight,Rain,Dry,Urban,Morning,5,2,1,Motorcycle,Going ahead,Male,26-35,Urban area,Auto traffic signal,,,,52.0596068156069,-0.138299951381265
ACC02221,2,59.2690935046461,Daylight,Fine,Icy,Rural,Evening,4,1,3,Motorcycle,Turning right,Male,46-55,Urban area,Auto traffic signal,Previous accident,,Central island,51.2338385895077,0.358115716133124
ACC02222,3,82.4386073205324,Street lights,Rain,Icy,Rural,Early Morning,28,1,6,Bus,Overtaking,Female,56-65,Rural area,Not at junction,Pedestrian in carriageway,Overturned,Kerb,51.1981057950066,0.201457971093706
ACC02223,1,26.1775684309745,Daylight,Mist,Dry,Urban,Morning,3,4,3,Motorcycle,Going ahead,Female,26-35,Urban area,Auto traffic signal,,,,51.9384802074484,-0.147057904257041
ACC02224,3,69.2049083056176,Darkness - lights unlit,Snow,Wet,Urban,Early Morning,10,1,5,Motorcycle,Turning right,Female,46-55,Urban area,Uncontrolled,Previous accident,Skidded,Kerb,52.5251173204867,0.0999588486217007
ACC02225,3,51.3291196051303,Darkness,Snow,Icy,Rural,Morning,16,1,1,Motorcycle,Turning right,Male,65+,Rural area,Not at junction,Pedestrian in carriageway,Overturned,Kerb,51.6358007101327,0.382898084743579
ACC02226,1,39.3528969081159,Darkness - lights unlit,Fine,Dry,Urban,Afternoon,1,2,1,Van,Turning right,Female,26-35,Urban area,Auto traffic signal,Pedestrian in carriageway,Overturned,,52.3554021218252,0.0523487676054625
ACC02227,1,39.2027400829001,Daylight,Fine,Dry,Urban,Afternoon,6,2,1,Car,Turning right,Male,36-45,Urban area,Give way,Previous accident,,,51.421142682152,0.366367117431483
ACC02228,2,46.7550689228909,Street lights,Snow,Wet,Urban,Night,11,3,4,Truck,Slowing or stopping,Female,36-45,Rural area,Give way,Parked vehicle,,Central island,51.301301536213,0.322352777856001
ACC02229,2,31.9748493716654,Daylight,Fine,Wet,Urban,Evening,33,3,4,Car,Slowing or stopping,Male,36-45,Urban area,Give way,,Skidded,,51.1633291585852,-0.172719367592168
ACC02230,1,56.881796896781,Daylight,Fine,Wet,Urban,Morning,1,1,1,Bus,Going ahead,Male,65+,Urban area,Auto traffic signal,,,Central island,52.4105610663022,-0.483978930047706
ACC02231,1,48.7738600374009,Daylight,Fine,Icy,Urban,Afternoon,6,2,1,Truck,Turning right,Female,36-45,Urban area,Auto traffic signal,,,,51.566948591875,0.0465462969484181
ACC02232,1,33.1552016005489,Daylight,Mist,Dry,Urban,Afternoon,7,4,1,Car,Going ahead,Male,36-45,Rural area,Auto traffic signal,,,,51.6454770938844,-0.417648005820397
ACC02233,1,12.1256509448334,Darkness - lights unlit,Fine,Dry,Urban,Morning,9,3,1,Van,Turning right,Female,36-45,Urban area,Auto traffic signal,,Skidded,,51.192904986109,0.473451781401045
ACC02234,1,30.8870358908552,Daylight,Fine,Wet,Urban,Morning,12,1,3,Van,Turning right,Male,26-35,Urban area,Auto traffic signal,,,,51.1534926090925,0.281900891376771
ACC02235,2,31.9174399836725,Darkness,Rain,Wet,Rural,Night,25,4,1,Car,Slowing or stopping,Male,46-55,Rural area,Give way,Parked vehicle,,,51.5668769349038,-0.17555908560609
ACC02236,1,42.4650452110793,Daylight,Fine,Dry,Rural,Morning,1,2,5,Motorcycle,Going ahead,Male,36-45,Urban area,Auto traffic signal,,,,51.9492872245509,0.196772698841615
ACC02237,2,53.9484067890983,Street lights,Rain,Dry,Urban,Evening,13,2,2,Bus,Going ahead,Female,36-45,Urban area,Uncontrolled,Previous accident,Overturned,Central island,51.7499441189274,-0.2905275553498
ACC02238,1,20.5893492069755,Daylight,Fine,Icy,Urban,Afternoon,1,4,3,Motorcycle,Slowing or stopping,Female,26-35,Urban area,Give way,,,,51.3815489721223,0.366876790310494
ACC02239,3,77.7603844642671,Darkness,Rain,Wet,Rural,Early Morning,22,2,1,Truck,Turning right,Male,46-55,Rural area,Uncontrolled,Previous accident,Overturned,Kerb,51.6260452237954,-0.285757292915445
ACC02240,2,26.3154555526445,Daylight,Fine,Wet,Urban,Morning,22,2,1,Motorcycle,Turning right,Male,36-45,Rural area,Give way,Parked vehicle,Skidded,,51.909681526001,-0.518612227377904
ACC02241,1,40.3822611254015,Daylight,Fine,Wet,Urban,Afternoon,18,1,3,Car,Going ahead,Male,26-35,Urban area,Auto traffic signal,,,Kerb,52.0399252685984,0.0237178870853346
ACC02242,2,36.0592383382539,Darkness,Rain,Dry,Rural,Evening,16,2,1,Truck,Slowing or stopping,Male,46-55,Urban area,Give way,Pedestrian in carriageway,,,52.0394382024571,-0.271297741707441
ACC02243,3,94.0318214979657,Darkness,Rain,Icy,Rural,Early Morning,21,1,4,Bus,Turning right,Male,56-65,Rural area,Uncontrolled,Previous accident,Overturned,Other object,51.6983541099895,0.0522153965884811
ACC02244,2,44.9469228049916,Darkness,Fog,Wet,Urban,Evening,24,3,3,Motorcycle,Turning right,Female,46-55,Urban area,Uncontrolled,Parked vehicle,,,51.4903791957108,-0.200897966481535