Accident_ID,Accident_Severity,Speed_limit,Light_Conditions,Weather_Conditions,Road_Surface_Conditions,Urban_or_Rural_Area,Time,Age_of_Vehicle,Number_of_Vehicles,Number_of_Casualties,Vehicle_Type,Vehicle_Manoeuvre,Sex_of_Driver,Age_Band_of_Driver,Driver_Home_Area_Type,Junction_Control,Carriageway_Hazards,Skidding_and_Overturning,Hit_Object_in_Carriageway,latitude,longitude
ACC02245,2,-1.63138111570567,Darkness - lights unlit,Rain,Dry,Urban,Night,1,2,5,Car,Turning right,Female,36-45,Urban area,Auto traffic signal,Previous accident,,Central island,51.6630650720123,-0.516288838583301
ACC02246,1,36.0176392833741,Daylight,Fine,Dry,Urban,Afternoon,1,1,1,Motorcycle,Going ahead,Female,36-45,Urban area,Give way,,,,51.0430962638063,0.424043565057676
ACC02247,1,51.3820675598791,Daylight,Mist,Dry,Urban,Morning,7,1,3,Motorcycle,Turning right,Male,26-35,Urban area,Not at junction,,,,51.2394569346457,0.434747169626875
ACC02248,2,52.8416600532898,Daylight,Rain,Wet,Rural,Evening,25,4,1,Van,Turning right,Female,56-65,Urban area,Uncontrolled,,,Other object,52.2923495616996,0.123218505741769
ACC02249,3,85.8125723340499,Darkness - lights unlit,Rain,Icy,Rural,Night,8,4,6,Motorcycle,Overtaking,Female,46-55,Rural area,Not at junction,Previous accident,Skidded,Kerb,51.7204940932828,-0.354729361785663
ACC02250,2,53.5867531675386,Darkness,Fine,Wet,Rural,Night,9,5,1,Motorcycle,Slowing or stopping,Female,36-45,Urban area,Give way,,,Central island,52.452519032557,0.315995407576861
ACC02251,2,46.4804569207368,Darkness,Fine,Snow,Rural,Evening,1,1,4,Car,Slowing or stopping,Female,56-65,Urban area,Give way,Previous accident,Skidded,Central island,51.6309034750719,-0.380374344686124
ACC02252,2,53.1989865740766,Daylight,Snow,Wet,Rural,Night,32,4,3,Motorcycle,Turning right,Female,46-55,Rural area,Uncontrolled,Previous accident,Skidded,Central island,52.0016415414986,0.378961068251
ACC02253,3,37.6499411938273,Darkness - lights unlit,Rain,Icy,Rural,Night,10,2,1,Bus,Overtaking,Female,65+,Rural area,Not at junction,Previous accident,Skidded,Kerb,52.1575952463819,0.446390586334071
ACC02254,2,28.80281710973,Daylight,Rain,Wet,Urban,Night,1,5,2,Car,Slowing or stopping,Male,36-45,Rural area,Give way,Parked vehicle,Overturned,,52.5204627512874,-0.116888617749066
ACC02255,1,32.9510838654325,Daylight,Fine,Icy,Urban,Afternoon,5,2,1,Motorcycle,Going ahead,Male,26-35,Urban area,Auto traffic signal,,,,52.2278293662682,0.165179961146488
ACC02256,1,31.0809348857933,Daylight,Fine,Dry,Urban,Morning,10,1,1,Motorcycle,Going ahead,Male,26-35,Urban area,Give way,,,,52.5682489480014,0.263386674822614
ACC02257,1,8.45865430710042,Daylight,Fine,Dry,Rural,Evening,1,1,1,Van,Going ahead,Male,26-35,Urban area,Auto traffic signal,,Skidded,Central island,52.0164299639789,0.465765640814261
ACC02258,2,52.9264080724516,Darkness,Fine,Wet,Urban,Night,1,3,3,Motorcycle,Turning right,Female,36-45,Rural area,Uncontrolled,Previous accident,,,52.5618303738675,-0.512223248784597
ACC02259,3,25.9953463323762,Daylight,Mist,Icy,Rural,Night,21,2,2,Motorcycle,Turning right,Female,65+,Rural area,Uncontrolled,Previous accident,Skidded,Kerb,51.8115245015392,-0.184909923653774
ACC02260,3,69.0633222502335,Darkness,Rain,Icy,Rural,Early Morning,20,1,5,Bus,Turning right,Female,46-55,Rural area,Not at junction,Previous accident,Overturned,Other object,51.5690661019604,-0.0657178925316815
ACC02261,2,36.5242597741784,Daylight,Fine,Wet,Rural,Early Morning,15,2,1,Motorcycle,Slowing or stopping,Female,36-45,Rural area,Auto traffic signal,,Overturned,Other object,51.4562432209712,-0.190333934207492
ACC02262,2,-3.52081428266648,Darkness,Fine,Wet,Rural,Evening,4,4,1,Motorcycle,Slowing or stopping,Male,46-55,Urban area,Uncontrolled,Parked vehicle,,Central island,52.4965919329484,0.202177170441256
ACC02263,3,60.3302802359844,Darkness,Rain,Icy,Rural,Night,11,5,6,Bus,Overtaking,Male,46-55,Rural area,Not at junction,Pedestrian in carriageway,Overturned,Other object,51.1719780200849,0.173074234038954
ACC02264,1,70.9622949477705,Daylight,Fine,Dry,Urban,Afternoon,1,1,3,Motorcycle,Turning right,Male,26-35,Urban area,Auto traffic signal,,Overturned,,51.7392064756264,-0.421543253639273
ACC02265,3,21.9826378957991,Darkness - lights unlit,Fog,Wet,Rural,Early Morning,11,4,4,Bus,Turning right,Female,46-55,Rural area,Uncontrolled,Parked vehicle,Skidded,Other object,51.5079405157385,-0.398482564999659
ACC02266,2,25.1391256710069,Daylight,Fine,Wet,Rural,Evening,19,3,1,Truck,Turning right,Female,46-55,Rural area,Give way,Previous accident,,Central island,52.097251116412,0.436703622386626
ACC02267,1,7.55778388984206,Darkness - lights unlit,Fine,Dry,Urban,Afternoon,1,3,1,Motorcycle,Going ahead,Female,26-35,Urban area,Auto traffic signal,Previous accident,,Central island,51.581538972817,0.364315838011021
ACC02268,3,75.1410845344226,Darkness,Fog,Wet,Rural,Early Morning,9,7,2,Bus,Overtaking,Female,46-55,Rural area,Uncontrolled,Previous accident,Skidded,Other object,51.7889528825153,-0.251348823545586
ACC02269,1,37.4208246229802,Daylight,Fine,Dry,Urban,Morning,9,1,1,Motorcycle,Turning right,Male,26-35,Rural area,Give way,,Skidded,,51.0611018654545,0.10303193159705
ACC02270,3,53.8151883322859,Darkness - lights unlit,Snow,Icy,Rural,Night,36,4,5,Bus,Overtaking,Female,46-55,Rural area,Not at junction,Pedestrian in carriageway,Skidded,Other object,52.6281329699567,-0.0263555116644332
ACC02271,1,21.5277421846788,Darkness,Snow,Dry,Urban,Morning,1,3,1,Van,Going ahead,Male,36-45,Rural area,Uncontrolled,,,,51.5965555213385,-0.41518437148065
ACC02272,2,47.0263504319169,Darkness,Rain,Wet,Urban,Night,5,2,3,Truck,Slowing or stopping,Male,46-55,Urban area,Uncontrolled,,Skidded,Central island,52.4998778615772,0.309710869811616
ACC02273,1,54.7881714457051,Darkness - lights unlit,Mist,Dry,Urban,Morning,4,1,1,Motorcycle,Slowing or stopping,Female,26-35,Urban area,Auto traffic signal,,,,51.1130436545235,0.431126873146831
ACC02274,1,-7.96343002503757,Daylight,Snow,Dry,Urban,Afternoon,12,4,3,Car,Going ahead,Female,26-35,Urban area,Give way,,Overturned,,52.1305623467286,-0.284148246106967
ACC02275,2,30.9224856643934,Daylight,Snow,Wet,Urban,Night,14,5,1,Truck,Slowing or stopping,Male,46-55,Rural area,Auto traffic signal,Previous accident,,Other object,51.0698128353692,-0.024528330541477
ACC02276,1,71.4141948586413,Daylight,Fine,Dry,Urban,Afternoon,1,1,1,Bus,Turning right,Female,56-65,Urban area,Auto traffic signal,,,,52.3924739400462,0.0157312520022209
ACC02277,3,55.4529059465763,Darkness - lights unlit,Rain,Icy,Urban,Night,12,5,1,Motorcycle,Overtaking,Male,65+,Rural area,Not at junction,Previous accident,Skidded,Other object,52.622041520846,-0.553172133416437
ACC02278,3,52.1099693242621,Darkness,Rain,Dry,Rural,Night,31,2,2,Car,Overtaking,Male,46-55,Rural area,Not at junction,Pedestrian in carriageway,Skidded,Other object,52.6192753396783,-0.43675004087174
ACC02279,1,23.60260199795,Daylight,Mist,Dry,Urban,Morning,16,3,1,Van,Going ahead,Female,26-35,Urban area,Auto traffic signal,Parked vehicle,,,51.9424018892694,0.260624032464101
ACC02280,2,96.5434366218809,Darkness - lights unlit,Snow,Wet,Rural,Evening,30,4,4,Car,Slowing or stopping,Male,36-45,Urban area,Auto traffic signal,,Overturned,Central island,52.1702743983758,0.0694288967366182
ACC02281,2,7.65253346057999,Daylight,Rain,Dry,Rural,Night,16,3,3,Truck,Turning right,Female,46-55,Rural area,Give way,Parked vehicle,Skidded,Central island,52.5081413977801,-0.130100721350791
ACC02282,1,35.1071874991373,Daylight,Fine,Dry,Urban,Afternoon,3,1,1,Car,Going ahead,Male,26-35,Urban area,Auto traffic signal,,,,52.0427993616582,-0.270088977342317
ACC02283,1,-3.75585741694164,Daylight,Fine,Dry,Urban,Morning,6,1,1,Car,Turning right,Male,26-35,Urban area,Auto traffic signal,,,,51.804902010327,-0.242955587109703
ACC02284,1,19.8490125789714,Daylight,Rain,Dry,Urban,Afternoon,23,1,1,Bus,Going ahead,Female,36-45,Urban area,Auto traffic signal,,,,51.8545543394891,-0.163384396178244
ACC02285,3,59.7311901413387,Darkness,Rain,Wet,Rural,Night,24,3,6,Truck,Turning right,Female,46-55,Rural area,Uncontrolled,Previous accident,Skidded,Kerb,51.0877407112202,-0.354294043176324
ACC02286,1,29.2968593551111,Daylight,Fine,Dry,Urban,Morning,1,1,1,Van,Going ahead,Male,36-45,Urban area,Auto traffic signal,,,,52.289005408697,-0.496756986694308
ACC02287,1,29.0051725768297,Daylight,Fog,Dry,Urban,Early Morning,17,5,1,Van,Going ahead,Male,65+,Urban area,Auto traffic signal,Previous accident,,,51.8537315175631,-0.425201015563711
ACC02288,1,22.6582983178296,Darkness - lights unlit,Fog,Dry,Urban,Morning,20,4,1,Van,Going ahead,Male,46-55,Urban area,Give way,,,Central island,52.2223780388132,0.481873619986744
ACC02289,3,55.6500691132245,Darkness,Rain,Icy,Rural,Night,30,3,2,Motorcycle,Overtaking,Female,46-55,Rural area,Uncontrolled,Previous accident,Overturned,Other object,51.0095589066613,0.469801568483765
ACC02290,2,41.6297639723871,Street lights,Rain,Wet,Rural,Night,1,8,3,Motorcycle,Overtaking,Female,36-45,Urban area,Uncontrolled,Parked vehicle,,Kerb,52.5161759474483,0.44955188732219
ACC02291,1,-5.95403185493019,Daylight,Fine,Dry,Urban,Morning,6,1,3,Van,Going ahead,Male,36-45,Urban area,Give way,,,,52.6770759229481,-0.215326447279565
ACC02292,1,14.5432191838637,Daylight,Mist,Dry,Urban,Morning,12,2,1,Motorcycle,Turning right,Female,36-45,Urban area,Not at junction,,,,52.4840079209899,0.303800587481519
ACC02293,3,59.7292938923618,Daylight,Rain,Wet,Rural,Early Morning,11,2,2,Motorcycle,Slowing or stopping,Male,65+,Urban area,Uncontrolled,Pedestrian in carriageway,Overturned,Kerb,52.0525241790801,-0.58871933568402
ACC02294,3,82.2216665518911,Darkness,Snow,Wet,Rural,Early Morning,20,4,4,Motorcycle,Overtaking,Female,65+,Urban area,Uncontrolled,Pedestrian in carriageway,Overturned,Other object,51.5036024458884,-0.0657082271128657
ACC02295,3,63.8759271826324,Darkness,Fog,Icy,Rural,Morning,25,3,6,Motorcycle,Overtaking,Female,65+,Rural area,Not at junction,Previous accident,Skidded,Central island,52.0992933191368,0.158579047362918
ACC02296,3,54.512538542261,Darkness,Rain,Icy,Rural,Evening,7,3,5,Bus,Overtaking,Male,65+,Rural area,Not at junction,Previous accident,Skidded,Other object,52.1993602921286,-0.182050174176433
ACC02297,2,17.3686108141656,Daylight,Snow,Icy,Rural,Night,14,1,1,Truck,Slowing or stopping,Female,46-55,Rural area,Uncontrolled,Previous accident,,Central island,51.1470657571976,-0.362948728582858
ACC02298,3,80.6762087017201,Darkness,Snow,Icy,Rural,Night,9,3,8,Truck,Turning right,Female,65+,Rural area,Uncontrolled,Pedestrian in carriageway,Overturned,Other object,52.6799654199568,-0.244262666011424
ACC02299,2,77.2648651648292,Street lights,Fine,Dry,Urban,Evening,7,1,1,Motorcycle,Overtaking,Male,36-45,Urban area,Auto traffic signal,Previous accident,,Central island,51.5755961523007,0.381668795289643
ACC02300,2,40.1544876829974,Daylight,Snow,Dry,Urban,Early Morning,1,3,2,Truck,Overtaking,Male,36-45,Urban area,Auto traffic signal,Parked vehicle,Overturned,Central island,52.0348418203942,0.0207752846604658
ACC02301,1,27.1108501074973,Daylight,Fine,Dry,Urban,Morning,14,1,3,Van,Going ahead,Female,26-35,Urban area,Auto traffic signal,,,,51.775318973169,-0.04178549286308
ACC02302,3,27.2440229007461,Darkness,Fog,Wet,Rural,Early Morning,17,2,3,Bus,Overtaking,Female,65+,Urban area,Uncontrolled,Pedestrian in carriageway,Overturned,Other object,51.1248005590765,-0.528755471706976
ACC02303,3,71.8727892875126,Darkness - lights unlit,Rain,Wet,Rural,Morning,18,8,2,Motorcycle,Turning right,Female,56-65,Urban area,Not at junction,Pedestrian in carriageway,Skidded,Kerb,51.4078413082676,-0.479809065816734
ACC02304,3,101.768295809115,Darkness,Rain,Dry,Urban,Night,13,1,4,Motorcycle,Turning right,Female,56-65,Urban area,Not at junction,Previous accident,Overturned,Kerb,51.3748063533212,0.448230369176899
ACC02305,3,91.4442606886631,Darkness,Fog,Wet,Rural,Early Morning,23,4,5,Bus,Going ahead,Female,46-55,Rural area,Not at junction,Pedestrian in carriageway,Overturned,Kerb,52.3025190618708,-0.217610729804124
ACC02306,1,40.361133481182,Daylight,Fine,Dry,Urban,Afternoon,27,1,5,Bus,Going ahead,Male,36-45,Urban area,Auto traffic signal,,,,51.2654594155225,-0.575994263546962
ACC02307,3,36.8935255920818,Darkness,Snow,Icy,Rural,Night,25,2,4,Van,Turning right,Female,26-35,Rural area,Not at junction,Pedestrian in carriageway,Overturned,Other object,52.549357490662,0.281677092028214
ACC02308,1,15.9137558099972,Daylight,Mist,Dry,Urban,Afternoon,1,1,1,Car,Going ahead,Female,36-45,Urban area,Give way,Previous accident,,,51.2001768409132,-0.528274949613459
ACC02309,3,57.1032102093976,Darkness,Rain,Wet,Rural,Morning,7,1,2,Truck,Slowing or stopping,Male,46-55,Rural area,Not at junction,Pedestrian in carriageway,Skidded,Kerb,51.3240075244619,-0.0437012013354832
ACC02310,3,45.7671028702853,Darkness - lights unlit,Rain,Icy,Urban,Night,13,5,8,Truck,Overtaking,Male,56-65,Rural area,Not at junction,Previous accident,Skidded,Kerb,51.1823283265999,0.350409551918729
ACC02311,1,-3.19750069295913,Daylight,Rain,Dry,Urban,Afternoon,1,1,3,Car,Turning right,Male,36-45,Urban area,Auto traffic signal,Parked vehicle,,,52.3659175816542,0.28332848761593
ACC02312,3,68.3823174531385,Darkness,Rain,Icy,Urban,Night,11,6,4,Truck,Turning right,Male,46-55,Urban area,Not at junction,Pedestrian in carriageway,Overturned,Other object,52.4193650935272,0.0742922789697233
ACC02313,3,79.9348300329443,Darkness - lights unlit,Fog,Wet,Urban,Night,25,2,6,Motorcycle,Slowing or stopping,Male,65+,Rural area,Not at junction,Previous accident,Overturned,Other object,52.5519362021854,-0.195621283709647
ACC02314,3,42.0720286909057,Darkness,Rain,Icy,Urban,Night,14,4,4,Truck,Overtaking,Male,65+,Rural area,Uncontrolled,Previous accident,Overturned,Kerb,51.4807553809819,0.161179237657869
ACC02315,3,80.7583573708113,Daylight,Snow,Icy,Rural,Early Morning,13,3,2,Truck,Overtaking,Male,46-55,Urban area,Give way,Pedestrian in carriageway,Overturned,Kerb,51.5492861370855,-0.442992522836231
ACC02316,3,74.4650610024626,Darkness,Rain,Icy,Urban,Early Morning,1,2,5,Van,Overtaking,Male,65+,Rural area,Not at junction,Pedestrian in carriageway,Overturned,Kerb,52.0241867752513,0.421855064231304
ACC02317,1,62.4606658981259,Daylight,Fine,Icy,Urban,Afternoon,1,1,1,Motorcycle,Going ahead,Female,36-45,Urban area,Give way,,,,51.0312641501307,0.24921372394099
ACC02318,3,85.8966162758456,Darkness - lights unlit,Fog,Wet,Rural,Early Morning,5,1,6,Bus,Overtaking,Female,65+,Rural area,Not at junction,Previous accident,Overturned,Other object,51.3921659338845,-0.41227579152475
ACC02319,3,72.5978761690279,Darkness,Rain,Wet,Rural,Early Morning,21,1,4,Truck,Overtaking,Female,56-65,Rural area,Uncontrolled,Pedestrian in carriageway,Overturned,Other object,52.3214951069028,0.427610396721286
ACC02320,2,42.7546218535552,Daylight,Snow,Wet,Urban,Night,17,3,1,Motorcycle,Slowing or stopping,Male,46-55,Rural area,Auto traffic signal,Parked vehicle,Skidded,Central island,51.6992485845996,-0.347082320099883
ACC02321,2,40.0426054506331,Daylight,Fog,Wet,Urban,Night,18,4,2,Truck,Slowing or stopping,Male,36-45,Urban area,Auto traffic signal,Parked vehicle,,,52.4856423059348,0.407766129495842
ACC02322,1,56.3715580626824,Daylight,Mist,Dry,Urban,Afternoon,1,1,3,Motorcycle,Going ahead,Male,26-35,Urban area,Auto traffic signal,Previous accident,,,51.4629224550829,0.483488621754963
ACC02323,1,52.2410887632425,Street lights,Fine,Dry,Urban,Afternoon,8,2,1,Car,Turning right,Female,26-35,Urban area,Uncontrolled,,,,51.6668148766696,0.115221201637969
ACC02324,2,32.6403004564464,Street lights,Fine,Wet,Urban,Night,23,1,1,Motorcycle,Turning right,Female,46-55,Rural area,Uncontrolled,Previous accident,Skidded,Central island,51.8475966885651,-0.494426733634276
ACC02325,3,81.3855803469014,Darkness,Rain,Dry,Rural,Night,22,1,6,Motorcycle,Overtaking,Female,46-55,Rural area,Not at junction,Pedestrian in carriageway,Overturned,Central island,51.285994600588,0.280231201163531
ACC02326,2,59.3217459651064,Darkness - lights unlit,Rain,Icy,Urban,Evening,1,3,6,Truck,Turning right,Male,46-55,Urban area,Auto traffic signal,Parked vehicle,,Kerb,52.4416474345174,-0.0264657901107713
ACC02327,3,61.5436330059266,Darkness,Rain,Wet,Urban,Night,23,1,4,Bus,Turning right,Female,46-55,Rural area,Not at junction,Previous accident,Skidded,Other object,51.6515604283109,0.140548395408093
ACC02328,2,33.5970378272672,Darkness,Snow,Snow,Urban,Night,9,1,2,Motorcycle,Slowing or stopping,Female,36-45,Rural area,Auto traffic signal,Previous accident,Skidded,Central island,52.4696107361503,-0.398948707070154
ACC02329,2,53.6390819510307,Daylight,Fine,Wet,Urban,Night,17,1,3,Car,Slowing or stopping,Female,46-55,Urban area,Uncontrolled,,Skidded,,51.0493678337557,-0.228077987190255
ACC02330,3,64.7520662203754,Darkness,Rain,Icy,Rural,Afternoon,40,2,2,Motorcycle,Overtaking,Female,56-65,Rural area,Not at junction,Previous accident,Overturned,Other object,52.5419138061431,-0.403470474135676
ACC02331,1,23.6290302189995,Daylight,Fine,Dry,Urban,Afternoon,6,1,3,Van,Turning right,Female,36-45,Urban area,Give way,,,,51.0670255793265,-0.443830811262907
ACC02332,2,51.6363753582644,Daylight,Snow,Dry,Urban,Evening,18,2,1,Truck,Slowing or stopping,Male,36-45,Urban area,Uncontrolled,Pedestrian in carriageway,,Central island,51.4542523704862,0.470968413680768
ACC02333,3,49.6444724874108,Daylight,Rain,Wet,Rural,Early Morning,11,2,5,Truck,Turning right,Female,65+,Rural area,Not at junction,Pedestrian in carriageway,Overturned,Other object,51.6566793772363,-0.381176865662464
ACC02334,1,24.5728027776021,Daylight,Fine,Wet,Urban,Afternoon,2,4,1,Van,Turning right,Female,26-35,Urban area,Auto traffic signal,Parked vehicle,Skidded,,52.3906251020682,-0.279171163419766
ACC02335,3,52.3951447079425,Darkness,Rain,Icy,Rural,Early Morning,22,3,6,Bus,Turning right,Female,65+,Rural area,Uncontrolled,Pedestrian in carriageway,Skidded,Other object,51.9294842594413,0.22387759662321
ACC02336,2,-1.58560795576599,Daylight,Snow,Wet,Urban,Evening,10,1,4,Car,Turning right,Female,46-55,Urban area,Uncontrolled,,Skidded,,51.6362495953463,0.377600501406886
ACC02337,1,27.727006268548,Daylight,Fine,Wet,Urban,Afternoon,6,1,1,Motorcycle,Going ahead,Female,36-45,Urban area,Auto traffic signal,Parked vehicle,,,52.0921127729507,-0.182235641802847
ACC02338,1,35.2364586900843,Daylight,Fog,Dry,Urban,Morning,1,1,1,Car,Turning right,Male,36-45,Urban area,Auto traffic signal,,Skidded,,51.5898204432236,-0.573389059719509
ACC02339,2,57.0765187048143,Daylight,Fine,Dry,Urban,Morning,1,4,5,Truck,Turning right,Male,46-55,Rural area,Auto traffic signal,Previous accident,,Central island,51.826205862005,0.201421732796598
ACC02340,1,-21.5109698941389,Daylight,Fine,Dry,Urban,Afternoon,2,3,5,Car,Going ahead,Male,36-45,Urban area,Auto traffic signal,,,Central island,52.2379208855461,-0.417449615174636
ACC02341,2,2.98648057133326,Daylight,Snow,Wet,Urban,Night,21,2,1,Truck,Overtaking,Male,46-55,Rural area,Give way,,,Central island,51.142227797087,-0.339348001153028
ACC02342,3,83.2504289969772,Darkness - lights unlit,Snow,Icy,Urban,Night,16,4,4,Bus,Slowing or stopping,Female,46-55,Urban area,Not at junction,Pedestrian in carriageway,Skidded,Other object,51.1639873620463,0.150645181742991
ACC02343,1,31.4780373519809,Daylight,Fine,Wet,Urban,Morning,2,5,3,Bus,Turning right,Female,36-45,Rural area,Give way,,Skidded,,51.7790299138356,-0.161294941013409
ACC02344,1,-7.87005735534471,Street lights,Fine,Dry,Urban,Afternoon,5,1,1,Car,Turning right,Female,26-35,Urban area,Give way,,,Central island,52.0469451666888,-0.17258608860262
ACC02345,3,71.6918013257623,Darkness - lights unlit,Fine,Icy,Urban,Night,7,3,1,Motorcycle,Turning right,Female,46-55,Rural area,Uncontrolled,Pedestrian in carriageway,Skidded,Other object,51.8209096714177,0.142267380259102
ACC02346,3,28.6040572631049,Darkness,Snow,Snow,Rural,Early Morning,6,5,1,Motorcycle,Overtaking,Male,46-55,Urban area,Not at junction,Previous accident,Overturned,Central island,52.2057542480259,-0.501277378542778
ACC02347,1,18.5341129242687,Daylight,Fine,Dry,Urban,Early Morning,3,3,1,Van,Turning right,Female,26-35,Urban area,Give way,,,,52.0125858590333,0.41081918700351
ACC02348,3,65.071592128144,Darkness,Fog,Icy,Rural,Night,14,2,1,Bus,Overtaking,Female,65+,Rural area,Uncontrolled,Pedestrian in carriageway,Overturned,Other object,51.9785188896745,-0.196432480878651
ACC02349,1,45.1004624988904,Daylight,Fine,Dry,Urban,Early Morning,1,2,1,Bus,Going ahead,Male,36-45,Urban area,Give way,,,,51.0349936403029,0.148154848936331
ACC02350,3,90.1370892882527,Darkness - lights unlit,Rain,Wet,Rural,Night,18,6,3,Bus,Overtaking,Female,36-45,Rural area,Not at junction,Pedestrian in carriageway,Skidded,Kerb,51.5894991494206,-0.0971043252643698
ACC02351,2,39.305441917543,Darkness,Snow,Dry,Urban,Night,1,7,4,Motorcycle,Turning right,Male,36-45,Rural area,Uncontrolled,Parked vehicle,Skidded,,51.5322413878973,0.128012218645914
ACC02352,2,50.5655104998646,Street lights,Fine,Wet,Rural,Night,30,2,2,Car,Turning right,Female,46-55,Rural area,Give way,Previous accident,Skidded,Central island,51.0930573810469,-0.547626383729763
ACC02353,1,12.3705897392883,Daylight,Fog,Dry,Urban,Morning,14,2,3,Van,Turning right,Male,36-45,Rural area,Give way,,,,52.0394722002389,-0.303197207858964
ACC02354,3,42.992017891718,Darkness,Rain,Icy,Rural,Evening,1,4,4,Motorcycle,Overtaking,Female,65+,Urban area,Uncontrolled,Pedestrian in carriageway,Overturned,Other object,51.3297424575221,0.108230243749846
ACC02355,1,30.9784446372803,Daylight,Fine,Dry,Urban,Afternoon,15,1,5,Car,Going ahead,Female,26-35,Urban area,Auto traffic signal,,Overturned,,52.3106442059228,-0.079469102639287
ACC02356,1,60.4018511593258,Daylight,Fine,Dry,Urban,Afternoon,1,5,1,Motorcycle,Going ahead,Male,26-35,Urban area,Give way,,,,51.8682704143819,0.257836087782685
ACC02357,3,86.5213000077121,Darkness,Snow,Wet,Rural,Early Morning,8,4,2,Motorcycle,Turning right,Male,46-55,Urban area,Give way,Previous accident,Overturned,Kerb,51.940990722076,-0.101122123746869
ACC02358,3,65.9778729671784,Street lights,Rain,Wet,Rural,Early Morning,27,3,2,Motorcycle,Overtaking,Female,46-55,Rural area,Not at junction,Pedestrian in carriageway,Skidded,Other object,51.6205240955607,0.262196769093262
ACC02359,2,28.8071719387628,Daylight,Rain,Snow,Rural,Evening,5,5,1,Motorcycle,Slowing or stopping,Female,36-45,Urban area,Give way,,,Central island,51.1216159972136,-0.363204348563854
ACC02360,2,21.9523702660326,Darkness,Rain,Wet,Urban,Evening,8,1,4,Motorcycle,Turning right,Male,36-45,Rural area,Give way,Previous accident,Skidded,Central island,51.4833846466937,-0.165402625407704
ACC02361,3,93.0101315113109,Darkness,Fog,Icy,Rural,Night,1,1,4,Truck,Turning right,Male,56-65,Urban area,Not at junction,Previous accident,Overturned,Kerb,52.4960374482981,0.41552583318214
ACC02362,3,92.3023912815942,Darkness - lights unlit,Rain,Wet,Rural,Night,22,2,2,Truck,Overtaking,Female,56-65,Rural area,Not at junction,Previous accident,Skidded,Other object,51.1498409428753,0.407634688813875
ACC02363,2,38.7865688431055,Daylight,Fine,Wet,Rural,Evening,15,5,1,Truck,Slowing or stopping,Female,36-45,Urban area,Give way,Parked vehicle,,Central island,51.2620652843631,-0.238806912440074
ACC02364,3,37.2862716296026,Darkness,Snow,Snow,Rural,Early Morning,17,2,1,Motorcycle,Overtaking,Female,46-55,Rural area,Uncontrolled,Previous accident,Skidded,Kerb,52.3293162536241,0.301414319947824
ACC02365,2,43.4679824734198,Daylight,Rain,Dry,Urban,Night,1,1,1,Car,Slowing or stopping,Female,65+,Rural area,Auto traffic signal,Previous accident,,Central island,52.1702958719747,-0.0518129195584933
ACC02366,2,83.0905661466462,Daylight,Rain,Dry,Rural,Night,11,1,2,Car,Slowing or stopping,Male,46-55,Rural area,Auto traffic signal,,,Central island,51.5539205112365,0.174509652837195
ACC02367,1,17.6301020784405,Daylight,Fine,Wet,Urban,Morning,13,1,1,Car,Turning right,Female,26-35,Rural area,Auto traffic signal,,,,51.6399877236927,-0.108077205444681
ACC02368,2,56.916939323602,Darkness - lights unlit,Rain,Dry,Urban,Night,6,5,1,Motorcycle,Turning right,Female,46-55,Rural area,Give way,,,Central island,51.6926406097025,0.309582557208149
ACC02369,2,46.2398301586465,Darkness,Snow,Dry,Urban,Evening,13,4,1,Car,Slowing or stopping,Male,36-45,Urban area,Auto traffic signal,Parked vehicle,,,51.3797314443065,-0.0842177159403376
ACC02370,2,74.8769045151548,Darkness - lights unlit,Rain,Snow,Urban,Evening,14,5,3,Truck,Turning right,Female,46-55,Urban area,Uncontrolled,Parked vehicle,,Central island,52.0285052042747,-0.210594562500633
ACC02371,3,36.8445638258975,Darkness,Fog,Icy,Rural,Morning,14,3,2,Truck,Turning right,Male,65+,Urban area,Uncontrolled,Previous accident,Overturned,Other object,52.6808956341523,-0.116038796828545
ACC02372,1,21.3266560182879,Street lights,Fine,Dry,Urban,Afternoon,17,1,1,Motorcycle,Going ahead,Male,26-35,Urban area,Auto traffic signal,Parked vehicle,,,52.0208786627372,-0.0243374056857844
ACC02373,1,-1.35843710229272,Daylight,Mist,Dry,Urban,Afternoon,2,1,1,Car,Slowing or stopping,Female,36-45,Rural area,Give way,,,,52.5108717357773,-0.112281984182893
ACC02374,2,56.7907416242454,Daylight,Rain,Wet,Urban,Night,1,5,1,Truck,Turning right,Female,36-45,Urban area,Uncontrolled,,,Central island,51.9799817559807,0.335803753044641