Accident_ID,Accident_Severity,Speed_limit,Light_Conditions,Weather_Conditions,Road_Surface_Conditions,Urban_or_Rural_Area,Time,Age_of_Vehicle,Number_of_Vehicles,Number_of_Casualties,Vehicle_Type,Vehicle_Manoeuvre,Sex_of_Driver,Age_Band_of_Driver,Driver_Home_Area_Type,Junction_Control,Carriageway_Hazards,Skidding_and_Overturning,Hit_Object_in_Carriageway,latitude,longitude
ACC02375,1,51.0620450127842,Daylight,Fine,Dry,Urban,Morning,1,1,3,Car,Going ahead,Male,26-35,Urban area,Auto traffic signal,,,,52.2790367000441,0.258578066768248
ACC02376,1,36.879357370131,Darkness - lights unlit,Fog,Dry,Urban,Afternoon,1,1,1,Van,Turning right,Male,26-35,Urban area,Give way,Pedestrian in carriageway,,,52.52073878572,0.264906019322437
ACC02377,3,49.6855848287616,Darkness,Rain,Icy,Urban,Night,1,2,4,Bus,Turning right,Male,46-55,Rural area,Uncontrolled,Previous accident,Overturned,Kerb,52.0539615908459,0.159693519804398
ACC02378,1,21.2117238045696,Daylight,Fine,Dry,Urban,Morning,10,1,1,Van,Turning right,Male,26-35,Urban area,Give way,,Skidded,,51.9415522834822,-0.0882738264879099
ACC02379,2,43.4559399921626,Darkness,Rain,Dry,Rural,Evening,5,1,1,Car,Slowing or stopping,Female,46-55,Rural area,Auto traffic signal,Pedestrian in carriageway,,Central island,52.1645509137576,0.0434026502989997
ACC02380,3,87.7062917674329,Darkness,Rain,Icy,Rural,Early Morning,1,4,1,Bus,Overtaking,Female,56-65,Rural area,Not at junction,Previous accident,Overturned,Kerb,52.2409397884148,-0.129165756395861
ACC02381,2,10.9472437936922,Daylight,Fine,Wet,Rural,Evening,23,1,1,Bus,Slowing or stopping,Female,36-45,Urban area,Not at junction,Previous accident,Skidded,,52.6595931363917,0.0241831763909202
ACC02382,3,53.1888244400469,Darkness - lights unlit,Snow,Icy,Rural,Early Morning,5,1,2,Motorcycle,Turning right,Female,65+,Urban area,Uncontrolled,Previous accident,Overturned,Other object,52.3512272771127,0.131009030352047
ACC02383,2,20.5534705012428,Street lights,Rain,Wet,Urban,Evening,3,4,2,Bus,Turning right,Male,36-45,Rural area,Auto traffic signal,Parked vehicle,Skidded,Kerb,51.7124786466874,-0.227381056331961
ACC02384,2,31.8153385218864,Darkness,Fine,Snow,Rural,Evening,23,5,2,Car,Slowing or stopping,Male,36-45,Rural area,Uncontrolled,,,,51.2972227562926,0.357157306106911
ACC02385,2,49.7155320838625,Daylight,Fine,Wet,Urban,Evening,11,4,1,Bus,Turning right,Female,36-45,Rural area,Give way,,,Central island,51.1293519312943,0.397335696076709
ACC02386,3,102.00921817901,Darkness,Snow,Wet,Rural,Early Morning,29,4,5,Bus,Overtaking,Male,46-55,Rural area,Not at junction,Previous accident,Overturned,Kerb,51.2022002556515,-0.0870983354123537
ACC02387,2,26.6457625183003,Darkness,Rain,Wet,Urban,Morning,1,1,4,Truck,Turning right,Male,46-55,Urban area,Auto traffic signal,Previous accident,Overturned,Central island,52.3326587790391,-0.398729278243644
ACC02388,2,60.5414049546025,Darkness,Fine,Snow,Rural,Evening,3,3,4,Car,Slowing or stopping,Female,46-55,Urban area,Uncontrolled,Parked vehicle,,Kerb,51.5685585176932,0.083935324704937
ACC02389,1,5.79313466481553,Daylight,Fine,Dry,Rural,Morning,4,2,3,Motorcycle,Going ahead,Female,26-35,Urban area,Give way,,,,52.3648508626166,-0.177783752873652
ACC02390,2,40.7958690328101,Daylight,Rain,Snow,Rural,Afternoon,23,7,4,Truck,Slowing or stopping,Male,56-65,Rural area,Uncontrolled,,,,52.1525966259124,0.112929715322918
ACC02391,3,60.7525108879965,Darkness - lights unlit,Rain,Icy,Urban,Early Morning,6,3,6,Motorcycle,Turning right,Female,46-55,Rural area,Uncontrolled,Pedestrian in carriageway,Skidded,Kerb,52.5594676642486,-0.365589040625714
ACC02392,2,54.9047827572334,Daylight,Mist,Wet,Rural,Evening,6,4,2,Motorcycle,Turning right,Female,36-45,Rural area,Give way,Pedestrian in carriageway,,Central island,51.7137259300036,0.220326462982705
ACC02393,3,49.0758610471415,Darkness,Rain,Wet,Rural,Early Morning,15,7,3,Truck,Turning right,Male,56-65,Rural area,Uncontrolled,Pedestrian in carriageway,Overturned,Kerb,51.0713100242092,0.315662940967181
ACC02394,3,44.3019279078096,Darkness,Fog,Wet,Rural,Early Morning,23,3,4,Truck,Turning right,Female,56-65,Urban area,Not at junction,Pedestrian in carriageway,Overturned,Other object,51.9852630431216,-0.488774186195296
ACC02395,2,-11.6020689894633,Darkness,Snow,Snow,Rural,Evening,1,3,4,Car,Going ahead,Male,46-55,Rural area,Uncontrolled,Parked vehicle,,,51.5061237416995,-0.079218345377898
ACC02396,3,76.6209537477393,Darkness - lights unlit,Rain,Wet,Urban,Night,20,4,4,Truck,Turning right,Female,56-65,Rural area,Uncontrolled,Previous accident,Overturned,Other object,52.1473090588381,0.262004122384933
ACC02397,1,7.15881675931933,Street lights,Fine,Dry,Urban,Morning,1,1,3,Van,Turning right,Female,36-45,Rural area,Auto traffic signal,,,Central island,51.3960311070812,0.131483393823595
ACC02398,2,50.5086986254918,Daylight,Rain,Wet,Urban,Night,18,3,1,Car,Slowing or stopping,Female,36-45,Urban area,Give way,,Skidded,Central island,51.9094433996312,0.390920678310556
ACC02399,1,40.2354642524081,Darkness - lights unlit,Rain,Snow,Urban,Afternoon,1,1,1,Van,Turning right,Female,26-35,Urban area,Give way,,,Other object,52.5654830809041,-0.479290181454746
ACC02400,2,73.709928219053,Darkness - lights unlit,Rain,Wet,Urban,Early Morning,8,4,4,Motorcycle,Turning right,Male,26-35,Rural area,Uncontrolled,Previous accident,,,52.0052824026577,-0.170295279715227
ACC02401,3,42.5293387800546,Darkness - lights unlit,Rain,Icy,Rural,Evening,14,1,4,Van,Turning right,Female,46-55,Rural area,Not at junction,Previous accident,Skidded,Kerb,51.8103398434713,-0.102553339159529
ACC02402,3,64.0904217703068,Street lights,Rain,Icy,Rural,Early Morning,27,3,6,Motorcycle,Turning right,Female,65+,Rural area,Uncontrolled,Pedestrian in carriageway,Skidded,Kerb,52.0637687885311,0.196274424122723
ACC02403,2,53.7991044917174,Daylight,Snow,Dry,Urban,Night,5,4,1,Truck,Overtaking,Female,36-45,Urban area,Auto traffic signal,Parked vehicle,Skidded,,51.3849830263887,-0.0629690238958589
ACC02404,3,60.0777202607715,Darkness,Rain,Wet,Urban,Early Morning,9,6,2,Truck,Turning right,Female,46-55,Rural area,Uncontrolled,Previous accident,Skidded,Kerb,51.3678281801487,0.0846615608726794
ACC02405,2,64.6073434072045,Daylight,Rain,Snow,Rural,Night,15,3,1,Bus,Slowing or stopping,Female,46-55,Rural area,Give way,Previous accident,,,51.5402351945977,-0.178657814539912
ACC02406,3,85.626732474032,Darkness - lights unlit,Fog,Wet,Urban,Early Morning,24,4,6,Bus,Overtaking,Female,65+,Rural area,Not at junction,Pedestrian in carriageway,Overturned,Other object,52.5748297627994,-0.462092018115094
ACC02407,1,60.6147893974021,Daylight,Fine,Dry,Urban,Evening,1,2,1,Car,Turning right,Male,56-65,Urban area,Not at junction,,,,51.3775832778002,-0.0714423580163881
ACC02408,1,33.8930892868289,Daylight,Mist,Dry,Urban,Afternoon,7,2,1,Car,Going ahead,Female,26-35,Urban area,Give way,Parked vehicle,,Central island,51.125875907948,0.445949918475452
ACC02409,2,77.3777064579012,Darkness,Snow,Dry,Urban,Night,1,3,4,Car,Slowing or stopping,Female,46-55,Rural area,Auto traffic signal,Parked vehicle,Skidded,Central island,51.3943744744723,-0.568114376896866
ACC02410,1,76.9227400365729,Daylight,Fine,Dry,Urban,Early Morning,7,1,1,Bus,Slowing or stopping,Male,36-45,Urban area,Auto traffic signal,Parked vehicle,,Other object,51.9766042924059,-0.418703702697619
ACC02411,2,40.1690378250955,Darkness,Rain,Wet,Rural,Early Morning,17,1,2,Car,Turning right,Male,46-55,Urban area,Give way,Parked vehicle,,Central island,51.9712976617018,-0.167768964469413
ACC02412,2,20.6090963016211,Darkness,Snow,Dry,Urban,Night,8,1,1,Truck,Turning right,Female,46-55,Rural area,Auto traffic signal,Pedestrian in carriageway,,Central island,51.1313619346542,-0.439906515545089
ACC02413,3,103.731724207302,Darkness - lights unlit,Rain,Wet,Rural,Early Morning,26,3,5,Bus,Overtaking,Female,46-55,Urban area,Not at junction,Pedestrian in carriageway,Skidded,Kerb,52.3998787299722,0.49312736051793
ACC02414,3,83.8764613676796,Darkness,Fog,Wet,Urban,Early Morning,13,1,4,Bus,Overtaking,Female,46-55,Rural area,Not at junction,Pedestrian in carriageway,Skidded,Central island,52.4647702754279,-0.587904081796817
ACC02415,3,70.4254947457215,Darkness,Fog,Wet,Urban,Early Morning,12,1,5,Truck,Going ahead,Female,65+,Rural area,Not at junction,Previous accident,Skidded,Other object,51.6695725786107,0.486501881215319
ACC02416,2,31.0270406872285,Darkness,Fine,Wet,Rural,Night,13,1,1,Truck,Slowing or stopping,Female,46-55,Rural area,Auto traffic signal,Parked vehicle,,Central island,51.8567418257032,0.0136392340432149
ACC02417,2,37.9430274080198,Darkness,Rain,Snow,Rural,Evening,1,3,3,Car,Turning right,Female,36-45,Urban area,Uncontrolled,Previous accident,,Central island,51.3241491094831,-0.164820787627405
ACC02418,2,50.3411134116926,Darkness,Fog,Wet,Urban,Evening,1,2,1,Truck,Turning right,Female,36-45,Rural area,Auto traffic signal,,,,52.2165867013138,-0.0808682785878953
ACC02419,3,83.1717268931327,Darkness,Rain,Wet,Rural,Night,21,4,8,Truck,Turning right,Male,65+,Rural area,Not at junction,Pedestrian in carriageway,Overturned,Other object,52.037459048124,0.134579417978616
ACC02420,3,57.7235315255886,Darkness,Rain,Wet,Rural,Night,7,6,5,Bus,Overtaking,Female,46-55,Urban area,Uncontrolled,Previous accident,Skidded,Kerb,51.7633594426491,0.28054290125464
ACC02421,1,70.8469790672529,Daylight,Fine,Dry,Urban,Morning,1,3,1,Car,Turning right,Female,56-65,Urban area,Auto traffic signal,Pedestrian in carriageway,,,51.5422585714994,-0.332169473766071
ACC02422,2,32.4965668656963,Darkness - lights unlit,Fine,Wet,Urban,Afternoon,13,1,3,Car,Turning right,Male,36-45,Urban area,Auto traffic signal,,,,52.2683588857302,0.0349224597385532
ACC02423,1,43.5836590981328,Street lights,Fine,Dry,Urban,Morning,23,4,3,Motorcycle,Going ahead,Female,26-35,Urban area,Auto traffic signal,,,,51.1973234888618,0.288630536135385
ACC02424,3,86.8115608417695,Darkness,Rain,Dry,Rural,Early Morning,18,2,6,Truck,Overtaking,Male,56-65,Rural area,Not at junction,Pedestrian in carriageway,Skidded,Other object,52.6061026520303,-0.354913655241066
ACC02425,3,112.634584425227,Darkness,Snow,Wet,Urban,Morning,2,2,2,Car,Overtaking,Male,46-55,Rural area,Not at junction,Previous accident,Skidded,Other object,51.0832513532854,-0.434050275964781
ACC02426,3,68.2892670432253,Darkness,Rain,Icy,Rural,Early Morning,15,5,2,Motorcycle,Overtaking,Female,65+,Urban area,Not at junction,Pedestrian in carriageway,Skidded,Kerb,51.1991609501297,0.150370312063727
ACC02427,2,28.9546099994,Daylight,Fine,Wet,Rural,Evening,2,2,2,Motorcycle,Slowing or stopping,Male,46-55,Urban area,Auto traffic signal,Previous accident,,Central island,52.6897961468032,-0.0321435922705878
ACC02428,1,68.274251840133,Daylight,Fine,Wet,Urban,Morning,1,3,3,Car,Turning right,Female,36-45,Urban area,Give way,,,Central island,51.4515200724008,0.0621157741166448
ACC02429,3,82.1598661457714,Darkness - lights unlit,Rain,Wet,Urban,Night,16,2,7,Motorcycle,Turning right,Female,56-65,Urban area,Uncontrolled,Previous accident,Skidded,Kerb,51.7142548518426,0.0160045773807741
ACC02430,2,56.1217142284883,Darkness,Snow,Wet,Urban,Early Morning,11,3,2,Van,Turning right,Female,46-55,Rural area,Give way,Previous accident,Skidded,,52.2772224026087,0.0827006473328355
ACC02431,3,64.8616206534275,Darkness,Rain,Wet,Urban,Early Morning,12,1,1,Motorcycle,Turning right,Male,56-65,Urban area,Not at junction,Previous accident,Skidded,Other object,51.929417108106,0.16419654040024
ACC02432,3,30.7990003451793,Darkness,Snow,Wet,Rural,Early Morning,23,7,4,Bus,Turning right,Female,46-55,Rural area,Not at junction,Pedestrian in carriageway,Overturned,Kerb,52.0325261955877,-0.591243375237849
ACC02433,3,58.2506065394391,Darkness - lights unlit,Fog,Icy,Rural,Night,23,2,4,Truck,Overtaking,Male,65+,Urban area,Uncontrolled,Pedestrian in carriageway,Skidded,Kerb,51.554644032294,-0.249402302067853
ACC02434,2,21.9512715120155,Daylight,Snow,Icy,Rural,Evening,10,1,2,Truck,Slowing or stopping,Female,36-45,Urban area,Uncontrolled,Parked vehicle,,Central island,52.1820599909694,0.147507048513704
ACC02435,1,-13.3936073332824,Daylight,Fine,Icy,Urban,Morning,5,1,1,Bus,Turning right,Female,26-35,Urban area,Auto traffic signal,,,,51.9336853300004,0.12362983506334
ACC02436,2,28.0809064595504,Darkness,Rain,Snow,Urban,Evening,6,3,1,Car,Turning right,Female,46-55,Urban area,Auto traffic signal,,Skidded,Central island,52.5701245355625,-0.549945338430674
ACC02437,3,42.3709079688292,Darkness - lights unlit,Fog,Icy,Rural,Night,23,1,4,Motorcycle,Turning right,Female,46-55,Rural area,Not at junction,Pedestrian in carriageway,Overturned,Other object,51.3504024330428,0.0359880620212658
ACC02438,2,22.8980263493636,Daylight,Rain,Wet,Rural,Evening,9,4,1,Truck,Turning right,Male,36-45,Urban area,Auto traffic signal,,,Central island,52.4489951983625,0.340882435551985
ACC02439,2,36.161207187743,Daylight,Fine,Wet,Urban,Evening,1,2,1,Truck,Overtaking,Female,36-45,Urban area,Uncontrolled,,Skidded,,51.49538385269,0.173833621546223
ACC02440,2,50.1830859322798,Daylight,Fine,Wet,Urban,Night,4,1,2,Motorcycle,Turning right,Female,36-45,Urban area,Uncontrolled,,,,51.1150450123186,-0.576194025930941
ACC02441,2,27.8142323099475,Darkness,Rain,Snow,Rural,Evening,1,4,2,Truck,Turning right,Male,46-55,Rural area,Auto traffic signal,Previous accident,Skidded,,52.3508655447455,-0.188365924687036
ACC02442,1,14.2241800657909,Daylight,Fine,Dry,Urban,Morning,1,3,1,Van,Going ahead,Female,26-35,Urban area,Give way,,Skidded,,52.0455122853886,0.210042216572205
ACC02443,3,57.5770467444497,Darkness - lights unlit,Rain,Wet,Urban,Early Morning,1,1,1,Motorcycle,Overtaking,Female,46-55,Urban area,Auto traffic signal,Pedestrian in carriageway,Overturned,Other object,52.6706411782585,-0.593990343333934
ACC02444,2,18.6851628664407,Darkness,Snow,Dry,Urban,Early Morning,12,1,4,Truck,Turning right,Male,46-55,Rural area,Not at junction,Previous accident,,Other object,52.3822478389935,-0.0259397299586132
ACC02445,1,48.0672976661022,Street lights,Fine,Dry,Urban,Morning,12,2,1,Van,Turning right,Male,26-35,Urban area,Give way,,,,51.3179743725478,0.0406649240279711
ACC02446,1,27.0474316390327,Daylight,Fine,Dry,Urban,Morning,1,3,1,Motorcycle,Going ahead,Female,36-45,Urban area,Give way,,,Central island,51.0451047465855,0.346153662684379
ACC02447,3,47.2163847095515,Darkness,Rain,Icy,Rural,Night,14,2,2,Truck,Turning right,Male,56-65,Rural area,Uncontrolled,Pedestrian in carriageway,Overturned,Other object,51.4961704717795,0.204757853391873
ACC02448,2,28.9796411049434,Daylight,Fog,Dry,Urban,Afternoon,15,4,4,Car,Slowing or stopping,Male,46-55,Urban area,Uncontrolled,Previous accident,,,51.8328200416224,0.463980084777447
ACC02449,1,20.1388711950745,Street lights,Fine,Dry,Urban,Morning,18,1,1,Truck,Turning right,Male,26-35,Urban area,Give way,,Skidded,,51.6181703240448,0.172711467598514
ACC02450,2,41.1630955509936,Darkness,Fine,Dry,Urban,Night,10,5,2,Motorcycle,Slowing or stopping,Male,46-55,Urban area,Auto traffic signal,Parked vehicle,,Central island,51.1066267045324,0.151529140502345
ACC02451,2,36.1294361885073,Darkness,Rain,Wet,Rural,Evening,11,1,1,Motorcycle,Slowing or stopping,Male,36-45,Urban area,Uncontrolled,Previous accident,,Central island,52.4078128261567,0.498512673427643
ACC02452,2,69.8758777688818,Street lights,Snow,Wet,Urban,Night,4,1,1,Truck,Going ahead,Male,65+,Rural area,Auto traffic signal,Parked vehicle,,Central island,51.1504823893572,-0.589543177340084
ACC02453,1,10.7669471448263,Daylight,Fine,Dry,Urban,Evening,23,2,3,Van,Slowing or stopping,Female,26-35,Rural area,Give way,,,,51.4254129268798,-0.48274766666121
ACC02454,1,40.0719678382215,Street lights,Fog,Dry,Urban,Afternoon,13,1,1,Motorcycle,Going ahead,Female,26-35,Urban area,Give way,,,Central island,52.2672471061134,0.187955726868951
ACC02455,2,38.1209266676469,Daylight,Snow,Wet,Rural,Evening,2,3,6,Motorcycle,Slowing or stopping,Male,36-45,Urban area,Auto traffic signal,Parked vehicle,Overturned,Other object,52.5260988850034,-0.104314243972862
ACC02456,3,77.2510878105453,Darkness,Rain,Icy,Rural,Early Morning,32,4,6,Bus,Overtaking,Male,56-65,Urban area,Uncontrolled,Pedestrian in carriageway,Overturned,Other object,51.9272869316297,-0.235370085559052
ACC02457,1,17.4884911139987,Daylight,Fine,Wet,Urban,Morning,13,2,5,Van,Turning right,Male,36-45,Urban area,Auto traffic signal,Pedestrian in carriageway,,Other object,52.2837333346452,-0.124252333836855
ACC02458,2,45.5623546402126,Daylight,Rain,Wet,Rural,Evening,9,3,1,Truck,Turning right,Female,46-55,Urban area,Uncontrolled,Previous accident,Skidded,Central island,51.9768915200571,-0.0125974636777507
ACC02459,1,23.8601858816078,Daylight,Fine,Snow,Urban,Morning,9,1,1,Car,Turning right,Female,65+,Urban area,Give way,,Overturned,Other object,52.5804860089824,-0.126663515610591
ACC02460,1,62.9469160800786,Daylight,Fine,Dry,Urban,Early Morning,17,2,3,Car,Turning right,Female,26-35,Urban area,Give way,,Overturned,,52.6995200445864,0.269033479937768
ACC02461,1,28.4003369202267,Daylight,Fine,Dry,Urban,Afternoon,1,2,3,Motorcycle,Going ahead,Female,26-35,Urban area,Not at junction,,,,51.4508440250589,0.399935772732205
ACC02462,1,11.3837911285407,Darkness,Fine,Dry,Urban,Afternoon,1,1,3,Motorcycle,Turning right,Female,36-45,Urban area,Give way,,Overturned,,52.2599051037931,-0.552508890623287
ACC02463,3,46.5256482695103,Darkness,Fog,Dry,Rural,Night,19,6,5,Bus,Turning right,Female,46-55,Rural area,Not at junction,Pedestrian in carriageway,Skidded,Kerb,51.7154164463343,0.304602269847424
ACC02464,3,73.3719017191015,Darkness - lights unlit,Snow,Wet,Rural,Morning,3,2,5,Motorcycle,Turning right,Male,65+,Rural area,Give way,Previous accident,Overturned,Other object,51.0368710566897,0.208826346683068
ACC02465,2,27.0273816003259,Daylight,Rain,Dry,Urban,Night,14,5,1,Truck,Turning right,Male,26-35,Rural area,Auto traffic signal,Parked vehicle,Skidded,Kerb,52.6067744772024,-0.0524785013479863
ACC02466,3,43.2589485058642,Darkness - lights unlit,Rain,Icy,Rural,Night,9,1,4,Truck,Overtaking,Female,56-65,Urban area,Uncontrolled,Pedestrian in carriageway,Skidded,Kerb,51.7999841510058,-0.469478542446931
ACC02467,3,55.2732352611839,Darkness - lights unlit,Snow,Icy,Rural,Early Morning,9,1,1,Truck,Overtaking,Female,56-65,Rural area,Not at junction,Pedestrian in carriageway,Overturned,Other object,52.5745451281563,0.493420560995828
ACC02468,3,20.9162410969812,Darkness,Rain,Icy,Rural,Early Morning,8,6,4,Car,Turning right,Female,56-65,Rural area,Uncontrolled,Previous accident,Overturned,Kerb,51.438509283883,-0.100523262955347
ACC02469,2,17.4062623191352,Daylight,Fine,Wet,Urban,Night,13,2,2,Motorcycle,Slowing or stopping,Female,46-55,Urban area,Uncontrolled,Previous accident,,Central island,52.0078484083168,0.42534308063128
ACC02470,3,67.5409674406858,Darkness,Rain,Wet,Rural,Early Morning,19,2,4,Bus,Turning right,Female,36-45,Rural area,Not at junction,Pedestrian in carriageway,Skidded,Kerb,51.8602418955656,0.0280261632281818
ACC02471,1,47.072034654123,Darkness - lights unlit,Mist,Dry,Urban,Morning,17,1,1,Motorcycle,Slowing or stopping,Male,36-45,Urban area,Give way,,Overturned,,51.1450944357337,0.202459051517636
ACC02472,1,13.5243333948843,Daylight,Fine,Dry,Urban,Afternoon,17,1,1,Car,Going ahead,Male,56-65,Urban area,Not at junction,Pedestrian in carriageway,,,52.0762724773646,-0.38050330397794
ACC02473,2,49.4313225450841,Darkness,Rain,Snow,Rural,Evening,1,1,1,Truck,Slowing or stopping,Female,46-55,Rural area,Auto traffic signal,,Overturned,Central island,51.7919819391431,-0.379603665596205
ACC02474,1,10.8274018774305,Daylight,Mist,Dry,Urban,Afternoon,11,1,5,Van,Going ahead,Female,26-35,Urban area,Give way,,Overturned,,51.232705571117,-0.181537991741681
ACC02475,2,38.8752062924309,Darkness - lights unlit,Snow,Wet,Rural,Night,26,1,4,Car,Slowing or stopping,Male,36-45,Rural area,Auto traffic signal,Previous accident,Skidded,Central island,52.6713758928494,-0.0051549438899299
ACC02476,2,48.4557374215868,Darkness,Fine,Wet,Urban,Evening,8,4,2,Car,Turning right,Male,46-55,Urban area,Give way,Previous accident,Skidded,,51.5065276292292,-0.0541413087430537
ACC02477,1,25.8798274881106,Daylight,Fine,Dry,Urban,Afternoon,3,1,1,Van,Turning right,Female,36-45,Urban area,Give way,,,,51.3171691001063,-0.304107255121393
ACC02478,1,19.928776282567,Daylight,Fine,Dry,Urban,Afternoon,1,1,1,Van,Turning right,Male,26-35,Urban area,Auto traffic signal,,,,52.5138963772578,-0.526682755383241
ACC02479,2,38.0148768884171,Darkness,Fine,Dry,Urban,Evening,19,1,3,Motorcycle,Slowing or stopping,Male,26-35,Rural area,Give way,,,Other object,52.3019489168629,-0.241766594494097
ACC02480,1,-10.6875924646661,Daylight,Fine,Dry,Urban,Morning,6,1,3,Motorcycle,Going ahead,Male,36-45,Urban area,Give way,,,,52.017719423135,0.277168623767621
ACC02481,1,19.0965438666481,Daylight,Fine,Wet,Urban,Morning,16,1,1,Car,Overtaking,Female,36-45,Rural area,Auto traffic signal,,Skidded,,52.201657484541,0.148549232282185
ACC02482,2,11.7633101697222,Daylight,Fine,Wet,Rural,Evening,5,3,4,Car,Turning right,Male,46-55,Rural area,Auto traffic signal,Previous accident,,,52.4041552382919,-0.149722739788161
ACC02483,1,35.4428642055775,Daylight,Fine,Dry,Urban,Morning,13,2,1,Van,Turning right,Male,65+,Urban area,Auto traffic signal,,,,52.4766185179221,0.368086996317604
ACC02484,1,43.6541707818574,Daylight,Fine,Dry,Urban,Morning,9,3,3,Van,Turning right,Male,26-35,Urban area,Give way,,Skidded,,51.2651906845715,0.335639902003666
ACC02485,2,79.6727541510067,Daylight,Snow,Dry,Urban,Night,23,3,1,Motorcycle,Turning right,Female,65+,Urban area,Give way,,,,51.9846760222709,-0.0441311469251421
ACC02486,1,30.7764655926697,Daylight,Snow,Dry,Urban,Morning,1,4,1,Motorcycle,Turning right,Male,36-45,Urban area,Give way,,,,51.238192398803,0.287043978956124
ACC02487,1,16.7844275565369,Daylight,Fog,Dry,Urban,Morning,17,3,1,Car,Slowing or stopping,Male,56-65,Urban area,Not at junction,,,,52.5164791438011,-0.400925352019561
ACC02488,1,67.6520676798858,Daylight,Mist,Wet,Urban,Morning,1,1,3,Van,Overtaking,Male,36-45,Urban area,Give way,,,,51.7102035296845,-0.291958937494462
ACC02489,1,21.9454768837648,Street lights,Fine,Dry,Urban,Afternoon,1,1,1,Car,Going ahead,Female,26-35,Urban area,Auto traffic signal,Parked vehicle,,,52.5552694633748,-0.242290929352836
ACC02490,3,47.4659384190497,Darkness - lights unlit,Rain,Icy,Rural,Early Morning,12,1,1,Motorcycle,Turning right,Male,56-65,Rural area,Uncontrolled,Previous accident,Skidded,Kerb,51.1088876466562,-0.480732858472719
ACC02491,2,47.3919553909495,Daylight,Snow,Snow,Rural,Night,7,2,2,Car,Slowing or stopping,Male,46-55,Rural area,Not at junction,Parked vehicle,,,51.492893059226,0.365358210477561
ACC02492,3,51.510132713619,Darkness,Snow,Icy,Rural,Early Morning,31,4,3,Truck,Turning right,Male,65+,Rural area,Uncontrolled,Previous accident,Overturned,Kerb,52.1811901801364,-0.293708728245089
ACC02493,3,56.4289150700076,Darkness,Rain,Dry,Rural,Night,20,4,6,Truck,Turning right,Female,46-55,Urban area,Auto traffic signal,Pedestrian in carriageway,Skidded,Kerb,51.3352329697017,0.413721033311079
ACC02494,2,11.8448208193447,Daylight,Rain,Dry,Urban,Evening,11,2,2,Car,Turning right,Male,46-55,Urban area,Give way,Previous accident,,Other object,51.7639219817628,0.0501682858538882
ACC02495,2,61.852522343839,Street lights,Rain,Wet,Urban,Evening,1,3,1,Truck,Turning right,Female,65+,Rural area,Give way,Previous accident,Skidded,Kerb,51.924018404142,0.360475216121109
ACC02496,3,81.0142636624192,Darkness,Fog,Wet,Urban,Night,22,1,3,Bus,Overtaking,Female,65+,Rural area,Not at junction,Previous accident,Skidded,Other object,52.6916244669338,0.0723759769550206
ACC02497,3,102.329027520158,Darkness - lights unlit,Snow,Icy,Urban,Early Morning,5,2,7,Bus,Overtaking,Male,65+,Rural area,Uncontrolled,Pedestrian in carriageway,Overturned,Central island,52.1046804531214,-0.231390333544457
ACC02498,3,79.0939499007724,Darkness - lights unlit,Fog,Icy,Rural,Early Morning,14,2,4,Bus,Overtaking,Male,65+,Urban area,Not at junction,Previous accident,Skidded,Kerb,52.2541340888792,0.186355348645549
ACC02499,3,60.312018132154,Darkness,Mist,Wet,Rural,Night,2,1,5,Truck,Overtaking,Male,46-55,Rural area,Not at junction,Parked vehicle,Overturned,Other object,51.2326736584025,0.188192500929974
ACC02500,2,16.5975231675605,Daylight,Mist,Snow,Rural,Evening,14,1,1,Truck,Turning right,Male,46-55,Urban area,Uncontrolled,Parked vehicle,,Central island,51.5506965042732,0.235664497579903
ACC02501,3,41.8176636264438,Darkness - lights unlit,Fog,Wet,Rural,Evening,29,6,4,Bus,Overtaking,Male,65+,Rural area,Not at junction,Previous accident,Overturned,Other object,52.243888622923,0.343831467579039
ACC02502,3,63.0267898944804,Darkness,Rain,Dry,Rural,Night,3,1,1,Truck,Turning right,Female,46-55,Rural area,Not at junction,Parked vehicle,Skidded,Other object,52.5545747448557,0.30349574393955
ACC02503,2,30.7222118989287,Darkness,Mist,Wet,Urban,Night,1,4,1,Motorcycle,Slowing or stopping,Male,56-65,Rural area,Auto traffic signal,Previous accident,,,52.2506857590206,0.150095683106849
ACC02504,2,13.607576438142,Darkness,Rain,Wet,Rural,Evening,11,2,1,Car,Turning right,Female,36-45,Urban area,Uncontrolled,Pedestrian in carriageway,Skidded,,52.3637762422512,-0.571086750428632
ACC02505,2,12.1818719116502,Daylight,Mist,Wet,Rural,Night,28,1,1,Motorcycle,Turning right,Male,46-55,Rural area,Auto traffic signal,Parked vehicle,,Central island,51.3418419302903,0.232457787676391