Accident_ID,Accident_Severity,Speed_limit,Light_Conditions,Weather_Conditions,Road_Surface_Conditions,Urban_or_Rural_Area,Time,Age_of_Vehicle,Number_of_Vehicles,Number_of_Casualties,Vehicle_Type,Vehicle_Manoeuvre,Sex_of_Driver,Age_Band_of_Driver,Driver_Home_Area_Type,Junction_Control,Carriageway_Hazards,Skidding_and_Overturning,Hit_Object_in_Carriageway,latitude,longitude
ACC02641,2,3.24577947869766,Daylight,Fine,Wet,Urban,Night,1,2,1,Motorcycle,Slowing or stopping,Female,36-45,Rural area,Uncontrolled,Parked vehicle,,Other object,51.4698979198593,-0.394941459268797
ACC02642,1,54.4579857723722,Darkness,Fine,Dry,Urban,Night,1,1,3,Motorcycle,Going ahead,Male,26-35,Urban area,Give way,Parked vehicle,,,52.3971621007936,-0.344858194272427
ACC02643,1,27.3807603408655,Street lights,Fine,Dry,Urban,Afternoon,1,4,1,Motorcycle,Going ahead,Male,36-45,Urban area,Give way,,,Other object,51.8916693622694,-0.275010744774838
ACC02644,1,11.1066198676848,Daylight,Snow,Dry,Urban,Morning,1,4,1,Van,Turning right,Male,36-45,Urban area,Give way,Parked vehicle,,Kerb,52.4501160742945,-0.413266304403705
ACC02645,2,17.8881222581202,Daylight,Fine,Dry,Urban,Night,16,1,4,Truck,Slowing or stopping,Male,36-45,Rural area,Auto traffic signal,Previous accident,,Central island,51.8423016572111,0.270194293680833
ACC02646,2,19.502129201573,Daylight,Rain,Dry,Rural,Evening,1,1,1,Motorcycle,Turning right,Female,36-45,Rural area,Auto traffic signal,Pedestrian in carriageway,,Central island,52.5438617034868,0.454909287969599
ACC02647,2,42.548232528284,Daylight,Fine,Dry,Urban,Night,8,5,1,Truck,Slowing or stopping,Female,46-55,Rural area,Give way,,Skidded,Central island,51.0564340263793,-0.420855879198389
ACC02648,2,64.5603937962428,Daylight,Mist,Wet,Urban,Night,47,1,3,Motorcycle,Slowing or stopping,Female,46-55,Urban area,Give way,Parked vehicle,Skidded,,52.2882804542166,-0.109337051769115
ACC02649,3,66.0709087766268,Darkness,Fog,Icy,Rural,Night,3,2,2,Motorcycle,Turning right,Female,65+,Rural area,Uncontrolled,Previous accident,Overturned,Kerb,52.166839807523,0.402293278904623
ACC02650,3,45.681275344344,Darkness - lights unlit,Snow,Icy,Rural,Night,6,1,3,Truck,Overtaking,Male,65+,Rural area,Not at junction,Previous accident,Skidded,Central island,51.0831421283184,0.487108900213082
ACC02651,3,90.5220864345923,Darkness,Snow,Wet,Urban,Early Morning,13,4,3,Truck,Turning right,Male,46-55,Rural area,Uncontrolled,Previous accident,Skidded,Kerb,52.4592794580539,0.447221164446265
ACC02652,1,35.6372660501528,Daylight,Snow,Dry,Urban,Evening,2,5,1,Van,Turning right,Male,46-55,Rural area,Give way,,Overturned,,51.6396412954026,0.490381593072407
ACC02653,2,5.1070386643011,Darkness,Fine,Dry,Rural,Evening,1,3,1,Car,Slowing or stopping,Male,46-55,Rural area,Give way,Parked vehicle,Skidded,Central island,52.5007696546204,0.15955729521225
ACC02654,1,26.1239029242294,Street lights,Snow,Dry,Urban,Morning,15,1,1,Van,Turning right,Female,46-55,Urban area,Give way,,,,52.4120529932391,0.201339744877775
ACC02655,3,36.8632833788786,Darkness,Rain,Wet,Rural,Night,21,1,8,Motorcycle,Turning right,Male,65+,Urban area,Uncontrolled,Previous accident,Overturned,Other object,51.5102123777578,-0.257541094838074
ACC02656,3,99.4381436550969,Darkness,Rain,Icy,Urban,Night,5,4,4,Motorcycle,Turning right,Female,36-45,Urban area,Uncontrolled,Pedestrian in carriageway,Overturned,Kerb,51.8472036569111,0.328519030985882
ACC02657,2,41.0318762806259,Darkness,Mist,Wet,Urban,Night,15,4,3,Truck,Slowing or stopping,Male,46-55,Rural area,Give way,Parked vehicle,Skidded,Central island,52.2944608896161,-0.565528793255601
ACC02658,2,22.4150383257268,Darkness,Snow,Wet,Urban,Early Morning,4,3,2,Motorcycle,Slowing or stopping,Female,46-55,Urban area,Not at junction,Parked vehicle,Overturned,,52.1117042427059,0.423528901537854
ACC02659,3,67.076435412727,Darkness,Rain,Wet,Rural,Early Morning,10,2,6,Bus,Overtaking,Female,46-55,Rural area,Uncontrolled,Parked vehicle,Skidded,Kerb,51.2543248605395,-0.244770662631172
ACC02660,2,71.7962827851777,Darkness,Fine,Wet,Rural,Evening,12,5,4,Motorcycle,Turning right,Male,36-45,Rural area,Auto traffic signal,Parked vehicle,Skidded,,51.1210005580683,0.147040511140961
ACC02661,1,57.2895447499062,Daylight,Fine,Dry,Urban,Morning,1,1,3,Car,Turning right,Female,36-45,Urban area,Give way,,,,51.5625266422495,0.102378542430494
ACC02662,3,49.573416650863,Darkness,Rain,Wet,Urban,Early Morning,34,1,4,Bus,Turning right,Female,26-35,Rural area,Not at junction,Parked vehicle,Skidded,Kerb,51.1899108795741,-0.100358872536597
ACC02663,2,46.519640886904,Daylight,Rain,Wet,Urban,Night,25,3,3,Car,Slowing or stopping,Female,46-55,Urban area,Give way,,,Central island,51.5159231545377,0.207892005578557
ACC02664,2,59.8991124194795,Daylight,Fine,Dry,Urban,Night,16,2,4,Truck,Slowing or stopping,Female,46-55,Rural area,Uncontrolled,Parked vehicle,Skidded,,51.8747402552674,0.499064523456525
ACC02665,2,57.8930637398958,Darkness,Fine,Dry,Urban,Evening,1,5,1,Truck,Turning right,Male,36-45,Urban area,Uncontrolled,Parked vehicle,,Central island,52.1115252626883,0.343256313952982
ACC02666,2,18.9852024558044,Darkness,Fine,Wet,Rural,Night,3,2,6,Motorcycle,Overtaking,Female,46-55,Rural area,Auto traffic signal,,,,51.9611547721686,-0.254148970988825
ACC02667,1,33.0719666924234,Daylight,Fine,Dry,Rural,Afternoon,1,1,1,Motorcycle,Turning right,Female,26-35,Urban area,Auto traffic signal,,,,52.6880401534028,0.0135617591070275
ACC02668,1,12.9026481954319,Darkness,Mist,Dry,Urban,Afternoon,20,1,1,Car,Turning right,Male,36-45,Urban area,Give way,,,,52.3779406623291,0.0606537666966791
ACC02669,1,20.2485460351192,Daylight,Fine,Dry,Urban,Morning,1,1,1,Van,Turning right,Male,26-35,Urban area,Give way,,Skidded,Other object,51.544084321752,0.005249196371888
ACC02670,1,46.8405452157362,Street lights,Fine,Dry,Urban,Morning,8,1,1,Truck,Going ahead,Female,26-35,Urban area,Give way,,,,52.2496207744666,-0.261981038581085
ACC02671,3,42.9003899461926,Darkness,Fog,Icy,Rural,Night,20,2,1,Motorcycle,Turning right,Female,56-65,Urban area,Auto traffic signal,Previous accident,Overturned,Other object,51.6122589634737,0.216322495902575
ACC02672,2,66.1004158951573,Daylight,Fine,Wet,Rural,Early Morning,1,4,1,Car,Slowing or stopping,Female,46-55,Rural area,Uncontrolled,Previous accident,,Central island,51.5806317987694,-0.253565663750625
ACC02673,2,4.35816506440388,Darkness,Snow,Dry,Urban,Night,1,3,1,Car,Turning right,Female,46-55,Urban area,Uncontrolled,Parked vehicle,Skidded,Central island,51.1358556858892,0.178966856514661
ACC02674,3,55.4973551895776,Daylight,Rain,Dry,Rural,Night,1,2,2,Motorcycle,Overtaking,Male,65+,Urban area,Not at junction,Pedestrian in carriageway,Overturned,Other object,51.4951602169195,0.216758202345501
ACC02675,1,30.6750230691608,Daylight,Fine,Dry,Urban,Afternoon,11,1,1,Van,Going ahead,Male,26-35,Urban area,Give way,Parked vehicle,,,52.3081379864263,0.0620697485999544
ACC02676,2,13.7759640137639,Daylight,Fine,Dry,Urban,Night,15,1,2,Motorcycle,Slowing or stopping,Male,46-55,Rural area,Give way,,Overturned,Central island,51.0385676317102,0.465128146126186
ACC02677,1,74.0758167354193,Daylight,Fine,Dry,Urban,Afternoon,1,6,3,Motorcycle,Turning right,Male,26-35,Urban area,Auto traffic signal,Parked vehicle,,,52.4088537655583,0.247448159588573
ACC02678,1,25.6545905154348,Street lights,Snow,Dry,Urban,Morning,1,5,1,Van,Going ahead,Female,26-35,Urban area,Give way,,,,51.3568395082625,0.122650671893854
ACC02679,3,54.0462588343861,Daylight,Rain,Wet,Rural,Night,12,5,2,Motorcycle,Turning right,Male,65+,Urban area,Not at junction,Parked vehicle,Overturned,Other object,51.6847513992147,0.12058742832147
ACC02680,3,56.1285750881964,Darkness,Rain,Wet,Rural,Early Morning,27,1,2,Motorcycle,Turning right,Male,46-55,Urban area,Not at junction,Pedestrian in carriageway,Skidded,Kerb,51.8380728133284,0.0413342169688368
ACC02681,2,51.6729968236742,Daylight,Mist,Wet,Rural,Evening,1,8,4,Car,Slowing or stopping,Female,36-45,Rural area,Uncontrolled,,Skidded,,51.0131414544786,0.384989845143379
ACC02682,1,58.1478220627479,Street lights,Fine,Dry,Urban,Afternoon,26,1,1,Bus,Going ahead,Female,36-45,Urban area,Give way,Previous accident,,,51.625116865201,0.187407461150298
ACC02683,2,31.2356713525228,Daylight,Snow,Wet,Urban,Evening,11,2,1,Truck,Slowing or stopping,Male,46-55,Urban area,Auto traffic signal,Parked vehicle,Overturned,Central island,51.124031768652,0.166384960388331
ACC02684,1,26.3330031335311,Daylight,Fine,Dry,Urban,Early Morning,1,1,3,Van,Turning right,Female,36-45,Rural area,Give way,Parked vehicle,,Kerb,52.1611115148078,0.112222185570063
ACC02685,2,47.8897171711291,Daylight,Rain,Snow,Rural,Evening,22,1,1,Motorcycle,Turning right,Male,36-45,Rural area,Not at junction,Previous accident,,Central island,51.2882485904292,0.459732716206834
ACC02686,3,41.1742955255435,Darkness - lights unlit,Fog,Icy,Rural,Night,18,4,6,Bus,Turning right,Male,56-65,Rural area,Uncontrolled,Previous accident,Overturned,Kerb,52.1785369269272,0.257387754471866
ACC02687,3,57.6180749035254,Darkness,Fog,Wet,Rural,Early Morning,9,4,4,Truck,Turning right,Female,46-55,Rural area,Not at junction,Previous accident,Overturned,Other object,52.6115765725825,0.126453383687473
ACC02688,3,47.3888946761069,Darkness - lights unlit,Rain,Wet,Rural,Early Morning,3,4,6,Car,Turning right,Female,65+,Urban area,Not at junction,Pedestrian in carriageway,Skidded,Other object,51.5320438535908,0.464635610634162
ACC02689,3,38.8677369125075,Darkness,Fine,Icy,Rural,Night,9,6,2,Truck,Overtaking,Male,65+,Rural area,Uncontrolled,Previous accident,Overturned,Central island,51.1622479313631,-0.168913117414165
ACC02690,1,24.2647850584062,Daylight,Fine,Dry,Urban,Afternoon,1,1,5,Motorcycle,Going ahead,Female,36-45,Urban area,Give way,,Skidded,,52.2037233822533,0.167218607836212
ACC02691,3,80.2966175481548,Darkness,Rain,Icy,Urban,Early Morning,1,5,1,Truck,Overtaking,Male,26-35,Urban area,Not at junction,Previous accident,Overturned,Kerb,52.1762365655703,-0.143154336189428
ACC02692,2,50.8774641803259,Daylight,Fog,Wet,Rural,Night,1,1,1,Truck,Turning right,Male,36-45,Urban area,Uncontrolled,Previous accident,,Central island,52.6018439952196,0.238778244803374
ACC02693,2,-1.43355149348904,Daylight,Snow,Wet,Rural,Evening,11,4,1,Truck,Turning right,Male,56-65,Rural area,Uncontrolled,,,Kerb,51.8645824671768,-0.243670877314163
ACC02694,1,10.8614381427286,Daylight,Rain,Dry,Urban,Afternoon,1,3,1,Motorcycle,Going ahead,Female,26-35,Urban area,Give way,Parked vehicle,,,51.4328891130984,0.297541632865479
ACC02695,1,12.1283877237356,Street lights,Fine,Dry,Urban,Afternoon,8,1,1,Motorcycle,Turning right,Female,36-45,Urban area,Auto traffic signal,,Skidded,,51.9465621461792,0.0788594852644331
ACC02696,2,85.5948604216951,Daylight,Rain,Dry,Urban,Evening,5,2,6,Truck,Turning right,Male,46-55,Urban area,Uncontrolled,Parked vehicle,,,52.2883386979852,-0.0948388694994999
ACC02697,1,33.2170672813823,Daylight,Mist,Wet,Urban,Afternoon,1,1,1,Van,Turning right,Male,56-65,Urban area,Auto traffic signal,,Skidded,,52.3716190567544,0.187765741645513
ACC02698,2,7.72311535781496,Darkness,Rain,Wet,Rural,Night,22,3,2,Car,Turning right,Female,36-45,Rural area,Uncontrolled,Previous accident,,Central island,51.1659369969905,-0.202654991242285
ACC02699,1,29.0837151417881,Daylight,Mist,Icy,Urban,Afternoon,1,4,1,Van,Turning right,Male,26-35,Rural area,Auto traffic signal,,,,51.7228629575977,-0.315517081623157
ACC02700,3,72.7099132334735,Darkness,Snow,Icy,Rural,Early Morning,23,4,8,Truck,Overtaking,Male,46-55,Rural area,Uncontrolled,Pedestrian in carriageway,Skidded,Other object,51.33254681155,-0.202661719245218
ACC02701,2,51.9785267207447,Daylight,Fine,Wet,Rural,Early Morning,22,1,1,Truck,Turning right,Male,46-55,Rural area,Uncontrolled,Previous accident,Overturned,Central island,51.3362049669498,-0.586593693887083
ACC02702,3,53.9469355587218,Darkness,Snow,Icy,Rural,Early Morning,13,1,4,Bus,Turning right,Female,26-35,Rural area,Uncontrolled,Pedestrian in carriageway,Skidded,Kerb,51.2410336676763,-0.465239452452071
ACC02703,2,20.8268398794696,Darkness,Rain,Snow,Urban,Evening,6,1,1,Car,Slowing or stopping,Female,36-45,Urban area,Not at junction,Parked vehicle,Skidded,Central island,51.4837534275947,-0.567776924494092
ACC02704,3,85.3109464671766,Darkness,Snow,Snow,Rural,Night,32,4,1,Bus,Turning right,Female,56-65,Rural area,Uncontrolled,Pedestrian in carriageway,Skidded,Other object,52.5500006806647,0.124228515089681
ACC02705,2,32.0230253334743,Daylight,Rain,Wet,Rural,Night,3,1,1,Car,Overtaking,Male,36-45,Rural area,Auto traffic signal,Previous accident,Skidded,,51.3508574618219,0.295865923787067
ACC02706,1,60.5021021569552,Daylight,Fine,Dry,Urban,Morning,14,1,1,Van,Turning right,Male,36-45,Urban area,Auto traffic signal,,Overturned,Other object,51.6408055300223,0.099920489377173
ACC02707,1,41.9612683294687,Daylight,Fine,Dry,Urban,Morning,5,1,1,Car,Going ahead,Male,36-45,Urban area,Give way,,,,51.2074649992361,0.425230916061019
ACC02708,1,9.43980137047038,Daylight,Fine,Dry,Urban,Afternoon,7,5,1,Motorcycle,Slowing or stopping,Male,26-35,Urban area,Not at junction,,,,52.465035555723,-0.53108147619911
ACC02709,1,26.0062323709486,Daylight,Fine,Dry,Urban,Evening,9,1,3,Car,Going ahead,Male,26-35,Rural area,Give way,,,,51.2195710057575,0.105069285079865
ACC02710,3,48.7337775035283,Darkness - lights unlit,Rain,Wet,Urban,Early Morning,11,1,4,Truck,Overtaking,Female,56-65,Urban area,Uncontrolled,Pedestrian in carriageway,Skidded,Other object,51.4767819896172,0.380385812914744
ACC02711,2,18.9522778302339,Darkness,Rain,Wet,Urban,Night,4,5,6,Car,Slowing or stopping,Female,46-55,Rural area,Uncontrolled,Previous accident,,Other object,51.9611857663159,0.473415078760978
ACC02712,2,42.6104491520728,Darkness,Rain,Dry,Rural,Night,1,4,1,Car,Turning right,Male,36-45,Urban area,Uncontrolled,,,Central island,52.6255845350295,-0.583908606874423
ACC02713,1,21.6379106085562,Daylight,Fine,Dry,Rural,Morning,1,2,1,Motorcycle,Going ahead,Male,26-35,Urban area,Uncontrolled,Parked vehicle,,,52.0136587934195,-0.350102487274134
ACC02714,1,42.9887173016618,Daylight,Fine,Dry,Urban,Morning,1,4,1,Truck,Turning right,Male,36-45,Urban area,Auto traffic signal,,,,51.1605530332851,-0.591680837524044
ACC02715,1,66.602080810392,Darkness,Fine,Dry,Urban,Afternoon,1,3,1,Car,Turning right,Female,26-35,Urban area,Give way,,Skidded,,51.2731583345412,0.126332991671472
ACC02716,1,17.413952300259,Street lights,Fine,Dry,Urban,Afternoon,11,3,3,Car,Turning right,Male,36-45,Rural area,Give way,Parked vehicle,,,51.9958184881649,-0.02901003635016
ACC02717,1,60.490725432154,Daylight,Fine,Wet,Urban,Morning,6,4,1,Van,Turning right,Female,36-45,Urban area,Give way,,,,51.5051069165594,-0.445217319146366
ACC02718,2,26.16789073855,Daylight,Rain,Wet,Rural,Evening,17,1,1,Car,Turning right,Male,36-45,Rural area,Give way,Previous accident,Skidded,,52.4531231887025,0.398333274359593
ACC02719,1,38.3089804948785,Daylight,Mist,Dry,Urban,Afternoon,12,1,1,Motorcycle,Overtaking,Male,26-35,Urban area,Auto traffic signal,Previous accident,,Central island,52.1836909189928,0.163565630860814
ACC02720,1,32.3956471352585,Daylight,Fine,Dry,Urban,Afternoon,16,4,1,Van,Going ahead,Female,26-35,Urban area,Uncontrolled,,,,51.0206626069727,-0.243232871573087
ACC02721,3,75.3485405919495,Darkness,Rain,Wet,Rural,Night,17,3,3,Motorcycle,Overtaking,Female,46-55,Rural area,Not at junction,Previous accident,Overturned,Other object,52.513733983393,-0.0465260311837704
ACC02722,2,37.3685931582696,Darkness - lights unlit,Fine,Icy,Urban,Evening,1,3,1,Car,Slowing or stopping,Male,46-55,Rural area,Give way,Parked vehicle,Skidded,Central island,51.0701585705369,-0.289603489785844
ACC02723,3,89.0072405697812,Darkness,Rain,Icy,Urban,Night,1,4,2,Truck,Turning right,Female,46-55,Rural area,Not at junction,Pedestrian in carriageway,Skidded,Kerb,52.6383470292681,-0.285468982198558
ACC02724,2,62.6382350726051,Daylight,Rain,Wet,Urban,Evening,21,1,3,Car,Slowing or stopping,Female,46-55,Rural area,Uncontrolled,Parked vehicle,Skidded,Other object,52.1449780967026,0.177528793172008
ACC02725,2,52.3132991176547,Darkness,Rain,Wet,Rural,Evening,1,3,1,Motorcycle,Slowing or stopping,Male,46-55,Rural area,Uncontrolled,Parked vehicle,,Other object,51.157861104004,0.0028363794437522
ACC02726,2,58.1712901372678,Darkness,Fine,Dry,Urban,Night,1,2,4,Motorcycle,Slowing or stopping,Female,46-55,Rural area,Give way,,,Kerb,52.2904546343733,0.338344728328161
ACC02727,2,32.5712319123528,Darkness,Rain,Snow,Rural,Night,14,5,2,Car,Turning right,Male,36-45,Urban area,Uncontrolled,,Skidded,,51.1248559747098,0.111546246418944
ACC02728,3,92.3337928275425,Darkness,Fog,Wet,Rural,Afternoon,14,2,2,Motorcycle,Overtaking,Female,36-45,Rural area,Uncontrolled,Pedestrian in carriageway,Skidded,Other object,51.9854472073144,-0.234040250535668
ACC02729,2,6.40533530313054,Daylight,Rain,Snow,Urban,Afternoon,23,3,4,Car,Turning right,Male,36-45,Rural area,Uncontrolled,Parked vehicle,,Central island,51.7435141956564,0.363269310236822
ACC02730,2,82.6321419849993,Daylight,Snow,Wet,Rural,Night,1,2,1,Truck,Slowing or stopping,Male,46-55,Urban area,Auto traffic signal,Previous accident,Skidded,,52.4190545231209,-0.133185556284734
ACC02731,2,43.4461516144746,Daylight,Fine,Snow,Urban,Early Morning,10,2,4,Car,Turning right,Male,46-55,Urban area,Auto traffic signal,Previous accident,,,52.6092858362654,-0.368796386016302
ACC02732,3,47.1755237908507,Darkness - lights unlit,Rain,Icy,Rural,Night,1,3,2,Motorcycle,Turning right,Male,46-55,Rural area,Not at junction,Previous accident,Overturned,Other object,51.6624007635459,-0.39925290967285
ACC02733,1,54.9809430896725,Daylight,Fine,Dry,Urban,Afternoon,16,1,1,Van,Going ahead,Female,36-45,Urban area,Auto traffic signal,,,,51.1969774011927,-0.124431718853138
ACC02734,2,55.8725259317571,Daylight,Rain,Wet,Rural,Night,1,1,2,Car,Slowing or stopping,Male,46-55,Urban area,Uncontrolled,Parked vehicle,Overturned,Central island,52.142379381384,-0.472614621717851
ACC02735,1,9.50226085001374,Daylight,Fine,Dry,Urban,Morning,28,4,1,Motorcycle,Going ahead,Male,26-35,Urban area,Give way,Parked vehicle,,,52.4788238155056,-0.136627141376521
ACC02736,2,20.5639475976754,Daylight,Rain,Dry,Urban,Night,11,1,1,Van,Turning right,Female,36-45,Rural area,Auto traffic signal,Parked vehicle,Skidded,Central island,51.5835541670231,0.0667368277712755
ACC02737,2,50.2988902873464,Daylight,Snow,Wet,Urban,Evening,10,3,1,Truck,Turning right,Female,36-45,Urban area,Uncontrolled,Previous accident,Skidded,Central island,52.4465407476567,-0.449569474025274
ACC02738,3,81.2911619775335,Darkness,Rain,Snow,Rural,Night,17,5,6,Truck,Overtaking,Female,65+,Rural area,Not at junction,Previous accident,Skidded,Other object,51.4925334462106,0.154686363042943
ACC02739,3,51.1980456567486,Darkness,Fog,Icy,Rural,Early Morning,2,1,1,Motorcycle,Turning right,Female,56-65,Rural area,Not at junction,Previous accident,Skidded,Kerb,52.6977433423972,-0.241620309132459
ACC02740,2,45.0164554020743,Darkness,Snow,Wet,Rural,Morning,11,2,2,Van,Turning right,Male,36-45,Rural area,Give way,Previous accident,,Central island,52.2115240835995,-0.0066399879711861
ACC02741,1,-5.00906964615107,Daylight,Snow,Dry,Rural,Afternoon,1,1,1,Car,Slowing or stopping,Male,36-45,Urban area,Auto traffic signal,,,,51.5739457913862,-0.33375048255122
ACC02742,1,20.2436283210489,Daylight,Fine,Dry,Urban,Afternoon,1,2,1,Motorcycle,Going ahead,Male,65+,Urban area,Auto traffic signal,,,,52.4019576420728,-0.549786379947378
ACC02743,1,6.54210999957662,Daylight,Fine,Icy,Urban,Morning,13,2,3,Car,Going ahead,Male,26-35,Urban area,Auto traffic signal,,Skidded,Kerb,51.8936733099146,-0.337324167480307
ACC02744,1,13.0326933844701,Daylight,Fine,Dry,Urban,Morning,1,1,1,Motorcycle,Turning right,Male,36-45,Urban area,Give way,Parked vehicle,Overturned,,52.0769129737045,-0.0286755545456688
ACC02745,1,43.5521720434124,Daylight,Fine,Dry,Urban,Morning,1,3,1,Motorcycle,Turning right,Male,26-35,Urban area,Give way,,,,51.6768867791046,-0.397076121552997
ACC02746,2,24.6707287948764,Daylight,Snow,Snow,Rural,Evening,10,5,2,Motorcycle,Going ahead,Female,46-55,Rural area,Give way,Parked vehicle,Skidded,Central island,51.3331638282358,0.0915527667670653
ACC02747,2,52.3312474862116,Darkness,Rain,Icy,Urban,Morning,15,4,2,Car,Turning right,Male,46-55,Urban area,Auto traffic signal,Previous accident,Skidded,Central island,52.4204167747104,0.0288505587091982
ACC02748,1,17.0819632844987,Street lights,Fine,Dry,Urban,Morning,1,2,3,Van,Going ahead,Female,26-35,Urban area,Give way,,,,52.1640429933416,0.308674393277781
ACC02749,3,30.179952621189,Darkness,Rain,Icy,Rural,Night,7,1,1,Truck,Turning right,Male,65+,Urban area,Not at junction,Pedestrian in carriageway,Overturned,Other object,51.8184468361049,0.0887941969617139
ACC02750,3,83.0968820204031,Darkness,Fog,Dry,Urban,Night,31,4,5,Van,Turning right,Female,56-65,Rural area,Not at junction,Parked vehicle,Overturned,Kerb,51.4282823679599,-0.479561320739588
ACC02751,2,37.3444624967788,Darkness - lights unlit,Fine,Snow,Urban,Evening,17,3,1,Truck,Overtaking,Female,36-45,Urban area,Give way,Parked vehicle,Skidded,Central island,52.6619461247904,-0.177128393625879
ACC02752,3,94.5485960792148,Darkness,Snow,Wet,Rural,Afternoon,4,1,4,Motorcycle,Slowing or stopping,Male,65+,Rural area,Not at junction,Previous accident,Skidded,Kerb,52.1999386318751,-0.571863897914489
ACC02753,2,43.267387251022,Daylight,Rain,Wet,Urban,Night,13,4,1,Car,Slowing or stopping,Female,46-55,Rural area,Give way,Previous accident,Skidded,Central island,51.1943009579421,2.16560120174236E-05
ACC02754,2,71.809500779379,Darkness,Snow,Dry,Rural,Night,6,3,4,Motorcycle,Turning right,Male,36-45,Rural area,Give way,Parked vehicle,,Central island,51.4630537847476,-0.173000898849753
ACC02755,1,-1.53372595319814,Daylight,Fine,Dry,Urban,Morning,12,4,1,Motorcycle,Turning right,Female,65+,Urban area,Give way,Parked vehicle,,,52.1357447321701,-0.433628488391572
ACC02756,1,14.2548687349509,Darkness - lights unlit,Fine,Dry,Urban,Morning,4,1,1,Van,Turning right,Female,26-35,Urban area,Auto traffic signal,Parked vehicle,,,52.2537521217866,0.314866748043351
ACC02757,3,78.1533487048869,Darkness,Rain,Icy,Rural,Night,8,3,2,Motorcycle,Overtaking,Female,46-55,Urban area,Not at junction,Pedestrian in carriageway,Overturned,Other object,51.3185739587781,0.242390077638952
ACC02758,3,60.6163626958744,Darkness,Rain,Wet,Rural,Night,1,4,1,Motorcycle,Turning right,Female,56-65,Rural area,Not at junction,Pedestrian in carriageway,Skidded,Other object,51.1284371532386,-0.361299471740905
ACC02759,2,54.5508764166339,Darkness,Fine,Wet,Rural,Morning,20,5,1,Motorcycle,Going ahead,Female,46-55,Rural area,Give way,,,,51.9963879110268,-0.41341349766527
ACC02760,3,84.9542152661317,Darkness,Fog,Icy,Rural,Early Morning,18,1,4,Bus,Overtaking,Female,65+,Rural area,Not at junction,Previous accident,Overturned,Other object,51.3770932736954,-0.520786075694767
ACC02761,3,77.533888575685,Darkness,Rain,Wet,Rural,Night,21,2,1,Motorcycle,Turning right,Male,36-45,Rural area,Uncontrolled,Pedestrian in carriageway,Skidded,Other object,51.9323788414627,-0.580576005253079
ACC02762,3,66.4329065402126,Daylight,Rain,Icy,Rural,Morning,24,1,4,Bus,Turning right,Female,56-65,Rural area,Not at junction,Previous accident,Skidded,Other object,51.7088660401022,-0.147783265485745
ACC02763,1,54.5260269120869,Daylight,Fine,Dry,Urban,Morning,14,1,1,Motorcycle,Going ahead,Male,36-45,Urban area,Give way,Previous accident,Overturned,,51.9976299006355,-0.506728782349616
ACC02764,1,30.2490669337659,Daylight,Fine,Wet,Urban,Afternoon,1,4,1,Car,Going ahead,Female,56-65,Urban area,Give way,Previous accident,Overturned,,51.8705581991088,0.107935464716178
ACC02765,1,39.8402402477177,Daylight,Rain,Dry,Urban,Afternoon,5,1,1,Motorcycle,Turning right,Male,56-65,Urban area,Auto traffic signal,Parked vehicle,,,52.1631961450707,-0.223940617357445
ACC02766,3,58.4026819629598,Darkness - lights unlit,Snow,Icy,Rural,Night,1,1,3,Motorcycle,Overtaking,Male,65+,Rural area,Uncontrolled,Pedestrian in carriageway,Overturned,Kerb,51.6639281711679,-0.0763939722942897
ACC02767,1,32.6467633917164,Daylight,Fog,Dry,Urban,Afternoon,1,4,1,Van,Overtaking,Male,36-45,Urban area,Auto traffic signal,,,Kerb,51.7001295540504,0.230546121620906
ACC02768,1,56.8617899642566,Daylight,Fine,Wet,Rural,Morning,8,1,1,Motorcycle,Going ahead,Male,36-45,Urban area,Give way,Pedestrian in carriageway,,,51.2033102180951,-0.565752508827037
ACC02769,3,87.6126869904966,Darkness,Fog,Icy,Urban,Early Morning,11,6,3,Motorcycle,Overtaking,Male,46-55,Rural area,Auto traffic signal,Pedestrian in carriageway,Skidded,Kerb,52.5629966036827,-0.0400823468659551
ACC02770,2,65.3063541521265,Darkness,Mist,Wet,Rural,Night,26,2,2,Van,Turning right,Female,36-45,Rural area,Give way,,,Central island,51.6104869030449,-0.0219618467697506
ACC02771,3,68.6046592597695,Darkness - lights unlit,Fog,Wet,Urban,Evening,12,1,2,Truck,Overtaking,Female,65+,Rural area,Uncontrolled,Pedestrian in carriageway,Skidded,Kerb,52.126009589211,-0.124812132284539
ACC02772,3,49.1142204740647,Darkness,Rain,Wet,Rural,Night,8,5,3,Bus,Turning right,Male,56-65,Urban area,Auto traffic signal,Previous accident,Skidded,Central island,51.5032967494336,0.249155240626838