Accident_ID,Accident_Severity,Speed_limit,Light_Conditions,Weather_Conditions,Road_Surface_Conditions,Urban_or_Rural_Area,Time,Age_of_Vehicle,Number_of_Vehicles,Number_of_Casualties,Vehicle_Type,Vehicle_Manoeuvre,Sex_of_Driver,Age_Band_of_Driver,Driver_Home_Area_Type,Junction_Control,Carriageway_Hazards,Skidding_and_Overturning,Hit_Object_in_Carriageway,latitude,longitude
ACC02903,3,53.2178785457982,Darkness,Rain,Icy,Rural,Night,18,8,5,Truck,Overtaking,Female,65+,Rural area,Not at junction,Previous accident,Skidded,Kerb,51.8935474330346,-0.483802751300861
ACC02904,2,49.8526415110395,Daylight,Fine,Wet,Rural,Evening,19,2,1,Motorcycle,Going ahead,Male,36-45,Rural area,Give way,,Skidded,Central island,51.6810019074437,-0.599722300060382
ACC02905,3,54.4802525515836,Darkness,Rain,Snow,Rural,Early Morning,27,1,2,Car,Overtaking,Male,46-55,Urban area,Not at junction,Pedestrian in carriageway,Skidded,Other object,51.5922442052967,-0.151746378758641
ACC02906,2,29.6087966212161,Daylight,Rain,Wet,Rural,Night,31,2,1,Motorcycle,Turning right,Female,36-45,Rural area,Give way,Previous accident,,,52.166913819796,0.393210870556359
ACC02907,2,41.8517883852187,Daylight,Fog,Wet,Rural,Evening,1,3,1,Car,Turning right,Male,46-55,Rural area,Not at junction,Parked vehicle,,,51.7116288156423,-0.186442787622511
ACC02908,1,41.5356792467198,Street lights,Fine,Dry,Urban,Morning,1,2,3,Car,Going ahead,Female,26-35,Urban area,Auto traffic signal,,Overturned,,51.0450692279208,0.349667014529008
ACC02909,3,53.6342271285633,Darkness,Rain,Wet,Rural,Early Morning,1,4,1,Truck,Overtaking,Female,46-55,Rural area,Not at junction,Previous accident,Overturned,Kerb,52.5737221982842,0.117227270554301
ACC02910,2,19.9134094116112,Darkness,Rain,Dry,Urban,Evening,1,6,1,Car,Slowing or stopping,Female,46-55,Urban area,Uncontrolled,,,Central island,51.7685589880637,0.0548515003611845
ACC02911,2,40.9958564368743,Daylight,Rain,Wet,Urban,Night,1,3,1,Motorcycle,Slowing or stopping,Male,36-45,Urban area,Auto traffic signal,Previous accident,Skidded,,52.0341429823801,0.0203169037130596
ACC02912,1,24.1401866078873,Daylight,Mist,Dry,Urban,Morning,1,1,1,Van,Turning right,Female,26-35,Urban area,Uncontrolled,,,,51.8842779518904,-0.438988608621526
ACC02913,3,59.8942513902893,Darkness,Fog,Icy,Rural,Night,12,3,4,Truck,Overtaking,Female,46-55,Rural area,Not at junction,Pedestrian in carriageway,Overturned,Kerb,51.9783001350159,0.0781966630879564
ACC02914,3,5.7244320988718,Street lights,Rain,Icy,Rural,Early Morning,48,5,4,Truck,Overtaking,Male,46-55,Rural area,Not at junction,Previous accident,Overturned,Kerb,52.1975852374255,-0.536499245317435
ACC02915,3,76.6513071233929,Darkness - lights unlit,Rain,Wet,Rural,Early Morning,18,6,4,Motorcycle,Overtaking,Male,56-65,Urban area,Uncontrolled,Previous accident,Overturned,Other object,51.9743677699198,0.49174414458568
ACC02916,2,81.3683606737927,Daylight,Rain,Wet,Rural,Night,16,4,1,Motorcycle,Turning right,Female,36-45,Rural area,Not at junction,Parked vehicle,,Central island,51.3957254635437,-0.50674131389727
ACC02917,2,58.3641225303989,Darkness,Rain,Wet,Rural,Evening,16,1,1,Truck,Turning right,Male,36-45,Rural area,Auto traffic signal,,,Kerb,52.1733583203891,-0.0800687976986707
ACC02918,3,20.8777277009016,Darkness,Rain,Wet,Rural,Early Morning,1,1,5,Truck,Turning right,Male,46-55,Rural area,Not at junction,Previous accident,Skidded,Kerb,51.9243074477138,-0.392765144400833
ACC02919,1,21.8920487184261,Daylight,Fine,Wet,Urban,Afternoon,4,2,3,Motorcycle,Turning right,Male,46-55,Urban area,Give way,,,,51.0798421435176,0.406599075247748
ACC02920,2,26.0941318436133,Daylight,Rain,Wet,Rural,Evening,1,3,1,Truck,Turning right,Female,46-55,Urban area,Uncontrolled,Previous accident,,,51.5270031497299,-0.428905899349464
ACC02921,2,43.5820913018539,Daylight,Fine,Wet,Rural,Night,8,1,4,Truck,Turning right,Female,46-55,Urban area,Give way,,,Central island,52.0926612306824,0.127740223513153
ACC02922,1,5.2217727515889,Daylight,Fine,Dry,Urban,Afternoon,11,4,3,Van,Turning right,Female,36-45,Urban area,Auto traffic signal,Previous accident,,Other object,51.4244356150606,-0.408862247550682
ACC02923,1,22.1393395415265,Daylight,Fine,Dry,Urban,Afternoon,1,4,3,Car,Turning right,Female,26-35,Urban area,Auto traffic signal,Parked vehicle,,,52.0331525512941,0.0525437271181228
ACC02924,3,88.6765443645472,Darkness - lights unlit,Rain,Icy,Urban,Early Morning,14,1,4,Bus,Turning right,Female,65+,Rural area,Not at junction,Pedestrian in carriageway,Skidded,Other object,51.3341286491707,0.234450601708222
ACC02925,3,84.9429429897318,Daylight,Fog,Wet,Urban,Early Morning,11,9,2,Bus,Turning right,Male,46-55,Rural area,Uncontrolled,Pedestrian in carriageway,Overturned,Other object,51.6016412608174,0.378291607181168
ACC02926,1,37.7669304696807,Street lights,Fine,Dry,Urban,Morning,1,2,1,Motorcycle,Going ahead,Male,36-45,Urban area,Auto traffic signal,,Overturned,,52.5594330782858,0.34399475847288
ACC02927,2,48.9619094870379,Daylight,Fine,Dry,Urban,Afternoon,10,2,3,Truck,Turning right,Female,65+,Rural area,Give way,,,,52.4248990651658,-0.329615758094347
ACC02928,1,6.86341972251754,Daylight,Rain,Dry,Urban,Afternoon,16,2,1,Motorcycle,Going ahead,Male,26-35,Rural area,Give way,Pedestrian in carriageway,,,51.8320696924719,-0.415769159515023
ACC02929,3,53.1434007814053,Darkness,Rain,Icy,Rural,Early Morning,22,3,5,Truck,Overtaking,Female,56-65,Urban area,Not at junction,Pedestrian in carriageway,Skidded,Central island,52.6209436106536,-0.528587682983371
ACC02930,3,52.7063376605184,Darkness,Rain,Icy,Urban,Early Morning,13,1,6,Van,Turning right,Female,65+,Rural area,Uncontrolled,Pedestrian in carriageway,Overturned,Kerb,51.7648773641101,0.492779546497756
ACC02931,3,28.9717784868045,Darkness - lights unlit,Fog,Wet,Rural,Early Morning,1,6,2,Bus,Turning right,Female,56-65,Rural area,Uncontrolled,Previous accident,Overturned,Kerb,51.1149647569841,-0.48384762772297
ACC02932,1,24.883377701083,Daylight,Fine,Dry,Urban,Morning,7,4,3,Car,Turning right,Male,36-45,Urban area,Give way,,,Other object,51.780530785605,-0.488849607888289
ACC02933,2,82.7576130009872,Daylight,Fine,Dry,Urban,Night,22,5,1,Motorcycle,Turning right,Female,36-45,Rural area,Auto traffic signal,,Skidded,,51.1189048172357,-0.549487938299611
ACC02934,1,70.571193876839,Daylight,Fine,Wet,Urban,Afternoon,1,1,1,Motorcycle,Turning right,Male,26-35,Urban area,Give way,,,,51.2285049507963,-0.46634848606899
ACC02935,2,52.3443058879334,Darkness,Rain,Icy,Urban,Afternoon,23,2,2,Car,Turning right,Female,46-55,Rural area,Uncontrolled,,,Central island,52.0095524199999,-0.167171394352511
ACC02936,1,15.6254319956689,Daylight,Mist,Wet,Urban,Morning,1,4,1,Motorcycle,Turning right,Male,26-35,Urban area,Auto traffic signal,,,,51.4983511414437,-0.323936672525672
ACC02937,1,55.3784875802296,Daylight,Mist,Dry,Urban,Afternoon,7,2,3,Bus,Turning right,Female,26-35,Urban area,Give way,,,Other object,51.4776374223068,0.231779661784771
ACC02938,1,25.0672829394606,Daylight,Mist,Dry,Urban,Morning,12,1,1,Van,Going ahead,Male,26-35,Urban area,Give way,,,,52.0545262373009,-0.257002253606214
ACC02939,1,9.6304010697442,Daylight,Fine,Dry,Urban,Morning,18,1,1,Car,Turning right,Male,26-35,Urban area,Auto traffic signal,Parked vehicle,,,51.5912756534337,-0.445973492691351
ACC02940,1,39.1421150771174,Daylight,Fine,Dry,Urban,Afternoon,10,2,3,Car,Going ahead,Male,36-45,Urban area,Not at junction,,,,51.2201753661808,0.381775618950331
ACC02941,3,25.7779525870227,Darkness,Rain,Icy,Rural,Night,10,5,2,Bus,Overtaking,Female,65+,Rural area,Auto traffic signal,Previous accident,Overturned,Kerb,52.3646887644645,0.318895611766425
ACC02942,1,27.7807783805791,Daylight,Rain,Dry,Urban,Afternoon,5,1,1,Car,Going ahead,Female,26-35,Urban area,Auto traffic signal,,,Kerb,52.5856384217018,0.430653605334169
ACC02943,1,18.6868554556581,Daylight,Fog,Dry,Urban,Morning,1,1,3,Van,Going ahead,Male,36-45,Urban area,Uncontrolled,,,,51.904592924951,0.156948176695196
ACC02944,3,80.3064062123277,Darkness,Rain,Wet,Rural,Early Morning,1,6,4,Bus,Going ahead,Female,46-55,Urban area,Uncontrolled,Pedestrian in carriageway,Skidded,Other object,51.0158994852718,0.0438218342214202
ACC02945,2,18.1543780785151,Darkness,Rain,Dry,Rural,Night,4,6,1,Motorcycle,Turning right,Male,46-55,Rural area,Give way,,Skidded,Other object,52.6822318028013,0.161835117336596
ACC02946,1,26.598985724472,Daylight,Fine,Dry,Urban,Early Morning,7,2,1,Bus,Turning right,Male,36-45,Urban area,Auto traffic signal,,,,52.6049008774673,-0.336138475968461
ACC02947,2,41.8709084215659,Daylight,Fog,Dry,Urban,Afternoon,18,3,1,Bus,Turning right,Female,65+,Urban area,Give way,,,,51.5471067638874,0.215534469507725
ACC02948,2,24.9107864942913,Darkness,Mist,Snow,Urban,Early Morning,3,1,5,Motorcycle,Turning right,Female,36-45,Urban area,Auto traffic signal,Pedestrian in carriageway,,Central island,52.2576967784215,-0.195053051020748
ACC02949,3,66.2904338561017,Darkness,Snow,Wet,Urban,Early Morning,33,3,5,Truck,Turning right,Male,65+,Rural area,Uncontrolled,Pedestrian in carriageway,Skidded,Kerb,51.2603051093877,-0.115477089774066
ACC02950,3,86.6554217715006,Daylight,Rain,Icy,Rural,Early Morning,8,4,3,Bus,Turning right,Female,56-65,Rural area,Uncontrolled,Parked vehicle,Overturned,Other object,52.0946696912759,-0.216746071987849
ACC02951,1,51.6198524419225,Daylight,Rain,Dry,Urban,Morning,11,1,1,Van,Going ahead,Male,26-35,Urban area,Give way,Parked vehicle,Skidded,,52.3662425307285,0.0401685421058387
ACC02952,1,40.3600435163635,Street lights,Fine,Dry,Urban,Afternoon,10,2,3,Car,Going ahead,Male,36-45,Urban area,Auto traffic signal,,,,51.7865556356383,0.237233690747474
ACC02953,3,27.1298743102355,Darkness,Fog,Icy,Rural,Night,13,2,5,Bus,Overtaking,Female,56-65,Urban area,Not at junction,Pedestrian in carriageway,Overturned,Other object,52.5600106030553,-0.0339807646621824
ACC02954,2,38.595814515344,Darkness,Snow,Dry,Rural,Night,13,3,4,Car,Overtaking,Male,36-45,Rural area,Give way,Previous accident,,,51.9580831827201,-0.0793104027339187
ACC02955,1,13.1876843637705,Daylight,Fine,Dry,Urban,Afternoon,17,2,1,Motorcycle,Going ahead,Female,36-45,Urban area,Give way,,,,51.1519987039308,-0.586355560094954
ACC02956,2,69.8298132324392,Darkness,Fine,Wet,Rural,Evening,1,5,3,Van,Overtaking,Female,36-45,Urban area,Auto traffic signal,Previous accident,Skidded,,51.7952843035077,-0.199130507531224
ACC02957,1,39.8162655583056,Daylight,Mist,Dry,Urban,Early Morning,7,3,3,Bus,Turning right,Female,36-45,Urban area,Auto traffic signal,,,,51.381828198998,-0.0301133571373029
ACC02958,1,26.0781237818282,Daylight,Fine,Wet,Urban,Afternoon,1,2,1,Truck,Slowing or stopping,Male,36-45,Urban area,Give way,,Skidded,,51.9168818112566,-0.258601845184069
ACC02959,1,50.3801317276082,Daylight,Fine,Dry,Urban,Morning,1,1,1,Motorcycle,Going ahead,Male,36-45,Urban area,Give way,,,,51.4824190398578,-0.586680677241624
ACC02960,3,94.1716181808602,Darkness,Snow,Wet,Rural,Early Morning,14,5,3,Bus,Turning right,Male,46-55,Rural area,Uncontrolled,Previous accident,Skidded,Kerb,51.6440733545451,0.131104783312021
ACC02961,3,55.2557347799381,Darkness,Rain,Icy,Rural,Early Morning,10,1,2,Bus,Turning right,Female,56-65,Urban area,Not at junction,Previous accident,Skidded,Central island,51.4531985966701,-0.162009455046083
ACC02962,3,36.4670417136586,Darkness - lights unlit,Rain,Icy,Rural,Early Morning,31,2,3,Bus,Turning right,Male,56-65,Urban area,Auto traffic signal,Pedestrian in carriageway,Skidded,Other object,51.4651573445497,-0.0364045313274047
ACC02963,1,-15.2726059387669,Daylight,Fine,Dry,Urban,Evening,1,1,3,Motorcycle,Turning right,Male,26-35,Urban area,Auto traffic signal,,,,51.7606010235999,-0.319862315749344
ACC02964,1,19.0510647433871,Daylight,Fine,Dry,Urban,Early Morning,17,2,1,Van,Going ahead,Male,26-35,Urban area,Give way,Parked vehicle,,,51.1179142114878,0.451076065550428
ACC02965,1,26.4201319867656,Daylight,Fine,Dry,Rural,Morning,3,1,1,Car,Going ahead,Female,26-35,Rural area,Give way,,Skidded,,51.6111349570736,-0.476888418662499
ACC02966,3,57.0466389208859,Darkness - lights unlit,Fog,Wet,Rural,Early Morning,6,5,3,Car,Turning right,Female,46-55,Urban area,Not at junction,Pedestrian in carriageway,Skidded,Other object,51.6791646085882,0.330884473410043
ACC02967,3,51.2618312466682,Darkness - lights unlit,Rain,Icy,Urban,Early Morning,1,1,2,Bus,Turning right,Female,65+,Rural area,Not at junction,Previous accident,Overturned,Kerb,52.2315168647942,0.150396378672975
ACC02968,3,52.156349190876,Darkness - lights unlit,Snow,Snow,Rural,Night,1,4,3,Car,Slowing or stopping,Male,56-65,Rural area,Not at junction,Previous accident,Skidded,Other object,51.7186729667501,0.420995426313547
ACC02969,1,74.3395831062112,Daylight,Fine,Wet,Urban,Afternoon,7,1,1,Car,Turning right,Male,36-45,Urban area,Auto traffic signal,,Skidded,,51.529908829352,0.17898929750981
ACC02970,3,82.3922703226761,Darkness - lights unlit,Snow,Icy,Rural,Early Morning,30,4,6,Bus,Turning right,Male,46-55,Rural area,Not at junction,Pedestrian in carriageway,Overturned,Kerb,51.5834871798201,-0.27169576603667
ACC02971,1,55.0539893278057,Daylight,Snow,Dry,Urban,Afternoon,1,5,1,Truck,Going ahead,Male,26-35,Urban area,Auto traffic signal,,,,52.1809840004525,0.191288984606074
ACC02972,1,6.20380115935696,Daylight,Fine,Dry,Urban,Afternoon,15,1,1,Car,Turning right,Female,36-45,Urban area,Give way,,,,52.2171527890406,0.130168654793148
ACC02973,1,46.1392211228697,Daylight,Fine,Wet,Rural,Afternoon,1,2,1,Car,Turning right,Female,36-45,Urban area,Auto traffic signal,,,Other object,51.6753883939526,0.374815358511582
ACC02974,2,64.0649689161741,Darkness,Rain,Dry,Rural,Night,1,2,2,Car,Slowing or stopping,Male,36-45,Urban area,Give way,Previous accident,Skidded,,52.4651078224018,0.21958818827844
ACC02975,1,59.3672130629326,Daylight,Fine,Snow,Urban,Afternoon,11,3,1,Car,Turning right,Male,36-45,Urban area,Not at junction,Previous accident,,Other object,51.1478774918494,-0.0363998446996302
ACC02976,1,30.2314118294532,Daylight,Fine,Dry,Urban,Afternoon,18,6,1,Motorcycle,Turning right,Male,36-45,Urban area,Auto traffic signal,Previous accident,,,51.2652316887522,0.124297018124268
ACC02977,2,14.3448146476124,Darkness,Fog,Dry,Urban,Night,7,3,1,Truck,Slowing or stopping,Female,36-45,Urban area,Uncontrolled,Parked vehicle,,,52.0534290577535,-0.502889251556592
ACC02978,3,51.964856789783,Darkness,Rain,Icy,Rural,Night,26,2,5,Truck,Overtaking,Male,36-45,Rural area,Not at junction,Previous accident,Skidded,Other object,51.1336111074972,0.331252693030221
ACC02979,3,69.7339201238076,Darkness,Rain,Wet,Rural,Night,16,2,4,Bus,Overtaking,Female,46-55,Rural area,Uncontrolled,Pedestrian in carriageway,Skidded,Kerb,52.2528414430364,-0.17795032543942
ACC02980,3,71.5472602734724,Darkness - lights unlit,Rain,Icy,Rural,Morning,18,3,5,Truck,Overtaking,Male,36-45,Rural area,Uncontrolled,Pedestrian in carriageway,Skidded,Other object,51.2578413342007,-0.346648751511741
ACC02981,1,45.4538779776456,Daylight,Fine,Wet,Urban,Afternoon,1,1,3,Motorcycle,Turning right,Female,26-35,Urban area,Give way,,,Other object,52.1554003805782,0.174054575206875
ACC02982,1,12.0821080728055,Street lights,Fine,Dry,Urban,Afternoon,5,3,3,Van,Going ahead,Male,36-45,Urban area,Auto traffic signal,,,,51.6160696284983,-0.395288440369095
ACC02983,1,55.877792116876,Daylight,Fine,Dry,Urban,Evening,1,3,1,Motorcycle,Going ahead,Male,26-35,Urban area,Give way,,,Other object,51.4384348059764,0.108294678895244
ACC02984,2,22.944029570982,Darkness,Rain,Wet,Rural,Evening,18,5,3,Motorcycle,Slowing or stopping,Female,46-55,Rural area,Give way,Previous accident,,Central island,51.8306946250679,-0.493240455918285
ACC02985,3,95.8140255107471,Darkness,Rain,Icy,Rural,Early Morning,31,2,4,Truck,Overtaking,Female,46-55,Urban area,Uncontrolled,Previous accident,Skidded,Other object,52.4392873740131,-0.496201065402485
ACC02986,3,53.5420105153341,Street lights,Rain,Icy,Rural,Early Morning,35,6,3,Bus,Turning right,Female,65+,Rural area,Not at junction,Previous accident,Overturned,Kerb,51.1323001521233,-0.54232197179433
ACC02987,3,106.911120379898,Darkness - lights unlit,Fine,Icy,Rural,Night,1,6,4,Truck,Overtaking,Female,46-55,Urban area,Uncontrolled,Previous accident,Skidded,Kerb,51.1878039742931,0.488357920195839
ACC02988,2,5.08279322891028,Darkness,Fine,Dry,Urban,Night,13,1,1,Truck,Slowing or stopping,Male,46-55,Rural area,Uncontrolled,Previous accident,,Central island,51.2170332794699,-0.331336585103006
ACC02989,2,73.5098150567542,Daylight,Rain,Wet,Urban,Night,5,3,1,Motorcycle,Turning right,Female,36-45,Rural area,Auto traffic signal,Previous accident,,,51.7558295187014,0.347622293576964
ACC02990,1,9.383867776058,Street lights,Fine,Dry,Urban,Early Morning,9,1,1,Bus,Overtaking,Male,36-45,Urban area,Give way,Pedestrian in carriageway,,,52.4660183048695,0.164538751744409
ACC02991,1,-2.04797728102958,Daylight,Fine,Dry,Urban,Afternoon,22,3,3,Car,Going ahead,Male,26-35,Urban area,Give way,,,,52.6482938671998,0.0830070695442248
ACC02992,1,63.1224323481845,Street lights,Fine,Snow,Urban,Morning,11,3,3,Van,Going ahead,Male,36-45,Urban area,Give way,,Overturned,,52.5266922920492,0.452276083191804
ACC02993,2,45.0582693291188,Daylight,Fine,Wet,Rural,Evening,2,1,1,Car,Slowing or stopping,Male,36-45,Urban area,Give way,Previous accident,,,52.6998722056164,0.414332428777401
ACC02994,3,40.4431234773689,Darkness,Rain,Wet,Urban,Night,2,1,1,Motorcycle,Turning right,Male,46-55,Rural area,Uncontrolled,Previous accident,Overturned,Kerb,52.4641232372712,-0.360487408347147
ACC02995,2,54.038185874287,Daylight,Rain,Dry,Urban,Evening,7,5,1,Truck,Turning right,Male,46-55,Rural area,Give way,,,Central island,51.9315452545497,0.152378365816208
ACC02996,1,68.0958058733557,Daylight,Mist,Wet,Urban,Morning,6,1,1,Van,Turning right,Female,36-45,Urban area,Auto traffic signal,,,,51.2998578770606,-0.314773565247649
ACC02997,1,51.1683870734593,Street lights,Fine,Dry,Urban,Morning,7,4,1,Van,Turning right,Male,26-35,Urban area,Auto traffic signal,,,,51.9861465533243,-0.251358753429769
ACC02998,2,30.6183027307307,Daylight,Rain,Wet,Rural,Early Morning,1,4,3,Car,Slowing or stopping,Female,46-55,Rural area,Auto traffic signal,,,Central island,52.5985922420393,0.0008727643631774
ACC02999,3,93.0175314415074,Darkness,Rain,Icy,Urban,Night,36,4,2,Motorcycle,Slowing or stopping,Male,46-55,Rural area,Auto traffic signal,Pedestrian in carriageway,Overturned,Kerb,51.6430350496395,0.223612580021075
ACC03000,2,57.3732073652369,Daylight,Mist,Dry,Rural,Evening,26,5,1,Motorcycle,Slowing or stopping,Female,65+,Urban area,Give way,Parked vehicle,,Central island,51.0825068662404,-0.331853557609
ACC03001,1,6.80765298389677,Daylight,Fine,Dry,Urban,Early Morning,5,1,1,Van,Going ahead,Female,26-35,Urban area,Not at junction,,,,52.5926105568521,0.119721807557458
ACC03002,3,71.9210087429426,Darkness,Rain,Icy,Rural,Night,9,2,4,Car,Overtaking,Female,56-65,Rural area,Not at junction,Pedestrian in carriageway,Overturned,Kerb,51.6775305789534,0.0658685775095787
ACC03003,1,29.684501766547,Daylight,Snow,Dry,Urban,Morning,1,1,3,Motorcycle,Turning right,Female,26-35,Rural area,Give way,,Skidded,,52.282722885944,0.0240434415917939
ACC03004,3,64.4509550444086,Darkness - lights unlit,Rain,Icy,Rural,Afternoon,2,2,4,Car,Slowing or stopping,Male,26-35,Urban area,Uncontrolled,Previous accident,Overturned,Other object,51.392759160377,0.137341041433773
ACC03005,3,61.9057490213994,Darkness,Fog,Icy,Rural,Early Morning,4,1,4,Bus,Overtaking,Male,65+,Rural area,Uncontrolled,Previous accident,Skidded,Kerb,51.8279830903611,-0.222687057087867
ACC03006,1,49.1567267493531,Street lights,Fine,Wet,Urban,Afternoon,1,2,1,Motorcycle,Going ahead,Male,36-45,Urban area,Auto traffic signal,Parked vehicle,,,51.4950895383367,-0.231369260314944
ACC03007,1,33.6724830386922,Daylight,Fine,Icy,Rural,Morning,5,6,1,Car,Going ahead,Female,36-45,Urban area,Give way,,,,52.5799391815169,0.465337655353822
ACC03008,1,-9.83677461532804,Daylight,Fine,Dry,Urban,Afternoon,6,2,1,Car,Turning right,Female,26-35,Urban area,Auto traffic signal,,,,52.374275491798,0.237130692752231
ACC03009,3,43.4747192504678,Darkness - lights unlit,Snow,Wet,Rural,Early Morning,29,4,3,Truck,Overtaking,Female,56-65,Urban area,Not at junction,Pedestrian in carriageway,Overturned,Kerb,51.0858757005494,-0.593294504519944
ACC03010,3,76.2030864204255,Darkness - lights unlit,Snow,Wet,Rural,Night,1,2,5,Truck,Turning right,Male,65+,Rural area,Not at junction,Previous accident,Skidded,Other object,51.5180439819254,0.369247855342931
ACC03011,3,74.9149411486183,Darkness,Snow,Icy,Rural,Early Morning,5,5,1,Motorcycle,Turning right,Female,46-55,Rural area,Not at junction,Pedestrian in carriageway,Overturned,Other object,51.5101565856295,-0.586841635328104
ACC03012,1,4.44216888438666,Street lights,Fine,Dry,Urban,Morning,1,4,1,Van,Turning right,Female,26-35,Urban area,Give way,,,,52.4251587980089,0.423654736108308
ACC03013,3,84.7411084341114,Darkness,Snow,Wet,Urban,Night,13,2,1,Truck,Turning right,Female,56-65,Rural area,Uncontrolled,Previous accident,Overturned,Other object,52.5285160717112,0.330731669108939
ACC03014,1,30.008979329661,Daylight,Fine,Dry,Urban,Afternoon,17,2,3,Van,Slowing or stopping,Male,26-35,Urban area,Not at junction,,,,52.4763955590265,-0.094836134643346
ACC03015,2,36.219278346152,Daylight,Mist,Dry,Rural,Early Morning,9,1,2,Truck,Slowing or stopping,Male,46-55,Urban area,Uncontrolled,Parked vehicle,Skidded,,51.9290529136264,0.0392627064705866
ACC03016,2,38.5365424457126,Daylight,Fine,Wet,Rural,Night,27,2,4,Truck,Turning right,Male,36-45,Urban area,Give way,Parked vehicle,Skidded,Central island,52.3558614393087,-0.216598683236285
ACC03017,1,28.0934550550095,Darkness - lights unlit,Fine,Dry,Urban,Afternoon,8,1,1,Van,Going ahead,Male,36-45,Urban area,Uncontrolled,,,,51.4204917729634,-0.219290300808436
ACC03018,3,77.531077742365,Darkness,Rain,Wet,Urban,Night,26,2,5,Motorcycle,Turning right,Male,46-55,Urban area,Not at junction,Pedestrian in carriageway,Skidded,Kerb,51.7156521626673,0.049663838476379
ACC03019,2,48.4829976232363,Darkness - lights unlit,Rain,Wet,Urban,Evening,13,4,1,Truck,Turning right,Female,36-45,Urban area,Give way,Parked vehicle,,,51.6692278038946,-0.179518493877955
ACC03020,3,49.1615388794805,Darkness,Rain,Wet,Urban,Early Morning,31,4,1,Truck,Turning right,Male,65+,Rural area,Uncontrolled,Previous accident,Overturned,Other object,51.2857243504174,-0.324034222985657
ACC03021,1,25.3418964107414,Street lights,Fine,Dry,Urban,Afternoon,3,2,1,Bus,Going ahead,Female,65+,Urban area,Give way,,Skidded,Other object,52.5781415563991,0.466803149586399
ACC03022,1,49.5318632898652,Daylight,Fine,Wet,Urban,Afternoon,11,3,1,Truck,Going ahead,Female,26-35,Urban area,Give way,Parked vehicle,,,51.3087161185624,-0.0709298211252638
ACC03023,2,67.6577825846315,Darkness,Rain,Snow,Urban,Evening,24,1,2,Bus,Turning right,Female,46-55,Rural area,Auto traffic signal,,,,51.9904215925337,0.138113722329357
ACC03024,3,72.770988852723,Darkness,Rain,Wet,Rural,Night,1,6,2,Bus,Overtaking,Male,65+,Urban area,Uncontrolled,Pedestrian in carriageway,Overturned,Kerb,52.45401564663,-0.141949893500092
ACC03025,1,35.8893500157666,Daylight,Mist,Dry,Urban,Afternoon,5,1,1,Motorcycle,Going ahead,Male,65+,Urban area,Auto traffic signal,,,,52.675605771988,-0.48497537563216
ACC03026,3,82.7618723470814,Darkness,Rain,Wet,Rural,Early Morning,21,2,4,Bus,Overtaking,Male,46-55,Rural area,Not at junction,Pedestrian in carriageway,Skidded,Kerb,52.0606013637109,-0.575428580180859
ACC03027,2,32.673720066612,Darkness,Snow,Wet,Rural,Evening,1,1,1,Bus,Going ahead,Male,36-45,Rural area,Uncontrolled,Parked vehicle,Skidded,Kerb,51.0860223581071,-0.524701513631353
ACC03028,3,52.4187160443812,Darkness,Rain,Wet,Rural,Early Morning,6,2,3,Motorcycle,Overtaking,Male,46-55,Rural area,Not at junction,Previous accident,Overturned,Other object,51.2206596613827,0.0479035835696911
ACC03029,1,31.2212275095126,Daylight,Fine,Wet,Rural,Afternoon,27,2,1,Motorcycle,Going ahead,Female,36-45,Urban area,Auto traffic signal,,,,51.6271531872686,-0.186522886339654
ACC03030,3,59.4723205724227,Darkness - lights unlit,Rain,Icy,Rural,Early Morning,2,4,2,Bus,Turning right,Male,36-45,Rural area,Not at junction,Pedestrian in carriageway,Overturned,Other object,51.6543384467261,-0.190849183939998
ACC03031,3,100.984398538203,Street lights,Rain,Wet,Rural,Night,14,8,2,Car,Slowing or stopping,Female,65+,Rural area,Not at junction,Previous accident,Overturned,Other object,52.2042428648105,0.175213989781914
ACC03032,2,60.6874088963132,Darkness,Fine,Wet,Urban,Night,7,5,1,Motorcycle,Slowing or stopping,Female,46-55,Urban area,Uncontrolled,Parked vehicle,,,52.6838018429903,-0.0190459369988709
ACC03033,1,47.8189461338683,Daylight,Fine,Dry,Urban,Morning,5,1,1,Motorcycle,Turning right,Male,36-45,Urban area,Auto traffic signal,Previous accident,,,51.5920342939396,0.258837744675284
ACC03034,3,34.4629523712515,Street lights,Rain,Icy,Rural,Early Morning,7,6,1,Motorcycle,Turning right,Male,56-65,Rural area,Uncontrolled,Previous accident,Skidded,Kerb,52.1084622257692,0.0355599378831712
ACC03035,2,28.0986029672308,Darkness,Snow,Dry,Rural,Evening,10,1,2,Truck,Slowing or stopping,Female,36-45,Urban area,Auto traffic signal,Parked vehicle,,Other object,52.5644610359226,-0.179094729427871